{
    "apple": "images/nodes/resources/apple.png",
    "armor_stand": "images/nodes/resources/armor_stand.png",
    "arrow": "images/nodes/resources/arrow.png",
    "baked_potato": "images/nodes/resources/baked_potato.png",
    "bamboo": "images/nodes/resources/bamboo.png",
    "barrier": "images/nodes/resources/barrier.png",
    "beef": "images/nodes/resources/beef.png",
    "beetroot": "images/nodes/resources/beetroot.png",
    "beetroot_seeds": "images/nodes/resources/beetroot_seeds.png",
    "beetroot_soup": "images/nodes/resources/beetroot_soup.png",
    "bell": "images/nodes/resources/bell.png",
    "black_dye": "images/nodes/resources/black_dye.png",
    "blaze_powder": "images/nodes/resources/blaze_powder.png",
    "blaze_rod": "images/nodes/resources/blaze_rod.png",
    "blue_dye": "images/nodes/resources/blue_dye.png",
    "bone": "images/nodes/resources/bone.png",
    "bone_meal": "images/nodes/resources/bone_meal.png",
    "book": "images/nodes/resources/book.png",
    "bow": "images/nodes/resources/bow.png",
    "bowl": "images/nodes/resources/bowl.png",
    "bow_pulling_1": "images/nodes/resources/bow_pulling_1.png",
    "bread": "images/nodes/resources/bread.png",
    "brewing_stand": "images/nodes/resources/brewing_stand.png",
    "brick": "images/nodes/resources/brick.png",
    "broken_elytra": "images/nodes/resources/broken_elytra.png",
    "brown_dye": "images/nodes/resources/brown_dye.png",
    "bucket": "images/nodes/resources/bucket.png",
    "cake": "images/nodes/resources/cake.png",
    "campfire": "images/nodes/resources/campfire.png",
    "carrot": "images/nodes/resources/carrot.png",
    "carrot_on_a_stick": "images/nodes/resources/carrot_on_a_stick.png",
    "cauldron": "images/nodes/resources/cauldron.png",
    "chainmail_boots": "images/nodes/resources/chainmail_boots.png",
    "chainmail_chestplate": "images/nodes/resources/chainmail_chestplate.png",
    "chainmail_helmet": "images/nodes/resources/chainmail_helmet.png",
    "chainmail_leggings": "images/nodes/resources/chainmail_leggings.png",
    "charcoal": "images/nodes/resources/charcoal.png",
    "chest_minecart": "images/nodes/resources/chest_minecart.png",
    "chicken": "images/nodes/resources/chicken.png",
    "chorus_fruit": "images/nodes/resources/chorus_fruit.png",
    "clay_ball": "images/nodes/resources/clay_ball.png",
    "clock_00": "images/nodes/resources/clock_00.png",
    "coal": "images/nodes/resources/coal.png",
    "cocoa_beans": "images/nodes/resources/cocoa_beans.png",
    "cod": "images/nodes/resources/cod.png",
    "cod_bucket": "images/nodes/resources/cod_bucket.png",
    "comparator": "images/nodes/resources/comparator.png",
    "compass_00": "images/nodes/resources/compass_00.png",
    "cooked_beef": "images/nodes/resources/cooked_beef.png",
    "cooked_chicken": "images/nodes/resources/cooked_chicken.png",
    "cooked_cod": "images/nodes/resources/cooked_cod.png",
    "cooked_mutton": "images/nodes/resources/cooked_mutton.png",
    "cooked_porkchop": "images/nodes/resources/cooked_porkchop.png",
    "cooked_rabbit": "images/nodes/resources/cooked_rabbit.png",
    "cooked_salmon": "images/nodes/resources/cooked_salmon.png",
    "cookie": "images/nodes/resources/cookie.png",
    "creeper_banner_pattern": "images/nodes/resources/creeper_banner_pattern.png",
    "crossbow_arrow": "images/nodes/resources/crossbow_arrow.png",
    "crossbow_firework": "images/nodes/resources/crossbow_firework.png",
    "crossbow_standby": "images/nodes/resources/crossbow_standby.png",
    "cyan_dye": "images/nodes/resources/cyan_dye.png",
    "diamond": "images/nodes/resources/diamond.png",
    "diamond_axe": "images/nodes/resources/diamond_axe.png",
    "diamond_boots": "images/nodes/resources/diamond_boots.png",
    "diamond_chestplate": "images/nodes/resources/diamond_chestplate.png",
    "diamond_helmet": "images/nodes/resources/diamond_helmet.png",
    "diamond_hoe": "images/nodes/resources/diamond_hoe.png",
    "diamond_horse_armor": "images/nodes/resources/diamond_horse_armor.png",
    "diamond_leggings": "images/nodes/resources/diamond_leggings.png",
    "diamond_pickaxe": "images/nodes/resources/diamond_pickaxe.png",
    "diamond_shovel": "images/nodes/resources/diamond_shovel.png",
    "diamond_sword": "images/nodes/resources/diamond_sword.png",
    "dragon_breath": "images/nodes/resources/dragon_breath.png",
    "dried_kelp": "images/nodes/resources/dried_kelp.png",
    "egg": "images/nodes/resources/egg.png",
    "elytra": "images/nodes/resources/elytra.png",
    "emerald": "images/nodes/resources/emerald.png",
    "enchanted_book": "images/nodes/resources/enchanted_book.png",
    "ender_eye": "images/nodes/resources/ender_eye.png",
    "ender_pearl": "images/nodes/resources/ender_pearl.png",
    "end_crystal": "images/nodes/resources/end_crystal.png",
    "experience_bottle": "images/nodes/resources/experience_bottle.png",
    "feather": "images/nodes/resources/feather.png",
    "fermented_spider_eye": "images/nodes/resources/fermented_spider_eye.png",
    "firework_rocket": "images/nodes/resources/firework_rocket.png",
    "firework_star": "images/nodes/resources/firework_star.png",
    "fire_charge": "images/nodes/resources/fire_charge.png",
    "fishing_rod": "images/nodes/resources/fishing_rod.png",
    "flint": "images/nodes/resources/flint.png",
    "flint_and_steel": "images/nodes/resources/flint_and_steel.png",
    "flower_banner_pattern": "images/nodes/resources/flower_banner_pattern.png",
    "flower_pot": "images/nodes/resources/flower_pot.png",
    "furnace_minecart": "images/nodes/resources/furnace_minecart.png",
    "ghast_tear": "images/nodes/resources/ghast_tear.png",
    "glass_bottle": "images/nodes/resources/glass_bottle.png",
    "glistering_melon_slice": "images/nodes/resources/glistering_melon_slice.png",
    "globe_banner_pattern": "images/nodes/resources/globe_banner_pattern.png",
    "glowstone_dust": "images/nodes/resources/glowstone_dust.png",
    "golden_apple": "images/nodes/resources/golden_apple.png",
    "golden_axe": "images/nodes/resources/golden_axe.png",
    "golden_boots": "images/nodes/resources/golden_boots.png",
    "golden_carrot": "images/nodes/resources/golden_carrot.png",
    "golden_chestplate": "images/nodes/resources/golden_chestplate.png",
    "golden_helmet": "images/nodes/resources/golden_helmet.png",
    "golden_hoe": "images/nodes/resources/golden_hoe.png",
    "golden_horse_armor": "images/nodes/resources/golden_horse_armor.png",
    "golden_leggings": "images/nodes/resources/golden_leggings.png",
    "golden_pickaxe": "images/nodes/resources/golden_pickaxe.png",
    "golden_shovel": "images/nodes/resources/golden_shovel.png",
    "golden_sword": "images/nodes/resources/golden_sword.png",
    "gold_ingot": "images/nodes/resources/gold_ingot.png",
    "gold_nugget": "images/nodes/resources/gold_nugget.png",
    "gray_dye": "images/nodes/resources/gray_dye.png",
    "green_dye": "images/nodes/resources/green_dye.png",
    "gunpowder": "images/nodes/resources/gunpowder.png",
    "heart_of_the_sea": "images/nodes/resources/heart_of_the_sea.png",
    "honeycomb": "images/nodes/resources/honeycomb.png",
    "honey_bottle": "images/nodes/resources/honey_bottle.png",
    "hopper": "images/nodes/resources/hopper.png",
    "hopper_minecart": "images/nodes/resources/hopper_minecart.png",
    "ink_sac": "images/nodes/resources/ink_sac.png",
    "iron_axe": "images/nodes/resources/iron_axe.png",
    "iron_boots": "images/nodes/resources/iron_boots.png",
    "iron_chestplate": "images/nodes/resources/iron_chestplate.png",
    "iron_door": "images/nodes/resources/iron_door.png",
    "iron_helmet": "images/nodes/resources/iron_helmet.png",
    "iron_hoe": "images/nodes/resources/iron_hoe.png",
    "iron_horse_armor": "images/nodes/resources/iron_horse_armor.png",
    "iron_ingot": "images/nodes/resources/iron_ingot.png",
    "iron_leggings": "images/nodes/resources/iron_leggings.png",
    "iron_nugget": "images/nodes/resources/iron_nugget.png",
    "iron_pickaxe": "images/nodes/resources/iron_pickaxe.png",
    "iron_shovel": "images/nodes/resources/iron_shovel.png",
    "iron_sword": "images/nodes/resources/iron_sword.png",
    "item_frame": "images/nodes/resources/item_frame.png",
    "kelp": "images/nodes/resources/kelp.png",
    "knowledge_book": "images/nodes/resources/knowledge_book.png",
    "lantern": "images/nodes/resources/lantern.png",
    "lapis_lazuli": "images/nodes/resources/lapis_lazuli.png",
    "lava_bucket": "images/nodes/resources/lava_bucket.png",
    "lead": "images/nodes/resources/lead.png",
    "leather": "images/nodes/resources/leather.png",
    "light_blue_dye": "images/nodes/resources/light_blue_dye.png",
    "light_gray_dye": "images/nodes/resources/light_gray_dye.png",
    "lime_dye": "images/nodes/resources/lime_dye.png",
    "lingering_potion": "images/nodes/resources/lingering_potion.png",
    "magenta_dye": "images/nodes/resources/magenta_dye.png",
    "magma_cream": "images/nodes/resources/magma_cream.png",
    "map": "images/nodes/resources/map.png",
    "melon_seeds": "images/nodes/resources/melon_seeds.png",
    "melon_slice": "images/nodes/resources/melon_slice.png",
    "milk_bucket": "images/nodes/resources/milk_bucket.png",
    "minecart": "images/nodes/resources/minecart.png",
    "mojang_banner_pattern": "images/nodes/resources/mojang_banner_pattern.png",
    "mushroom_stew": "images/nodes/resources/mushroom_stew.png",
    "music_disc_11": "images/nodes/resources/music_disc_11.png",
    "music_disc_cat": "images/nodes/resources/music_disc_cat.png",
    "mutton": "images/nodes/resources/mutton.png",
    "name_tag": "images/nodes/resources/name_tag.png",
    "nautilus_shell": "images/nodes/resources/nautilus_shell.png",
    "nether_brick": "images/nodes/resources/nether_brick.png",
    "nether_star": "images/nodes/resources/nether_star.png",
    "nether_wart": "images/nodes/resources/nether_wart.png",
    "oak_boat": "images/nodes/resources/oak_boat.png",
    "oak_door": "images/nodes/resources/oak_door.png",
    "oak_sign": "images/nodes/resources/oak_sign.png",
    "orange_dye": "images/nodes/resources/orange_dye.png",
    "painting": "images/nodes/resources/painting.png",
    "paper": "images/nodes/resources/paper.png",
    "phantom_membrane": "images/nodes/resources/phantom_membrane.png",
    "pink_dye": "images/nodes/resources/pink_dye.png",
    "poisonous_potato": "images/nodes/resources/poisonous_potato.png",
    "popped_chorus_fruit": "images/nodes/resources/popped_chorus_fruit.png",
    "porkchop": "images/nodes/resources/porkchop.png",
    "potato": "images/nodes/resources/potato.png",
    "potion": "images/nodes/resources/potion.png",
    "prismarine_crystals": "images/nodes/resources/prismarine_crystals.png",
    "prismarine_shard": "images/nodes/resources/prismarine_shard.png",
    "pufferfish": "images/nodes/resources/pufferfish.png",
    "pufferfish_bucket": "images/nodes/resources/pufferfish_bucket.png",
    "pumpkin_pie": "images/nodes/resources/pumpkin_pie.png",
    "pumpkin_seeds": "images/nodes/resources/pumpkin_seeds.png",
    "purple_dye": "images/nodes/resources/purple_dye.png",
    "quartz": "images/nodes/resources/quartz.png",
    "rabbit": "images/nodes/resources/rabbit.png",
    "rabbit_foot": "images/nodes/resources/rabbit_foot.png",
    "rabbit_hide": "images/nodes/resources/rabbit_hide.png",
    "rabbit_stew": "images/nodes/resources/rabbit_stew.png",
    "redstone": "images/nodes/resources/redstone.png",
    "red_dye": "images/nodes/resources/red_dye.png",
    "repeater": "images/nodes/resources/repeater.png",
    "rotten_flesh": "images/nodes/resources/rotten_flesh.png",
    "ruby": "images/nodes/resources/ruby.png",
    "saddle": "images/nodes/resources/saddle.png",
    "salmon": "images/nodes/resources/salmon.png",
    "salmon_bucket": "images/nodes/resources/salmon_bucket.png",
    "scute": "images/nodes/resources/scute.png",
    "seagrass": "images/nodes/resources/seagrass.png",
    "sea_pickle": "images/nodes/resources/sea_pickle.png",
    "shears": "images/nodes/resources/shears.png",
    "shulker_shell": "images/nodes/resources/shulker_shell.png",
    "skull_banner_pattern": "images/nodes/resources/skull_banner_pattern.png",
    "slime_ball": "images/nodes/resources/slime_ball.png",
    "snowball": "images/nodes/resources/snowball.png",
    "spawn_egg": "images/nodes/resources/spawn_egg.png",
    "spectral_arrow": "images/nodes/resources/spectral_arrow.png",
    "spider_eye": "images/nodes/resources/spider_eye.png",
    "splash_potion": "images/nodes/resources/splash_potion.png",
    "stick": "images/nodes/resources/stick.png",
    "stone_axe": "images/nodes/resources/stone_axe.png",
    "stone_hoe": "images/nodes/resources/stone_hoe.png",
    "stone_pickaxe": "images/nodes/resources/stone_pickaxe.png",
    "stone_shovel": "images/nodes/resources/stone_shovel.png",
    "stone_sword": "images/nodes/resources/stone_sword.png",
    "string": "images/nodes/resources/string.png",
    "sugar": "images/nodes/resources/sugar.png",
    "sugar_cane": "images/nodes/resources/sugar_cane.png",
    "suspicious_stew": "images/nodes/resources/suspicious_stew.png",
    "sweet_berries": "images/nodes/resources/sweet_berries.png",
    "tnt_minecart": "images/nodes/resources/tnt_minecart.png",
    "totem_of_undying": "images/nodes/resources/totem_of_undying.png",
    "trident": "images/nodes/resources/trident.png",
    "tropical_fish": "images/nodes/resources/tropical_fish.png",
    "tropical_fish_bucket": "images/nodes/resources/tropical_fish_bucket.png",
    "turtle_egg": "images/nodes/resources/turtle_egg.png",
    "turtle_helmet": "images/nodes/resources/turtle_helmet.png",
    "water_bucket": "images/nodes/resources/water_bucket.png",
    "wheat": "images/nodes/resources/wheat.png",
    "wheat_seeds": "images/nodes/resources/wheat_seeds.png",
    "white_dye": "images/nodes/resources/white_dye.png",
    "wooden_axe": "images/nodes/resources/wooden_axe.png",
    "wooden_hoe": "images/nodes/resources/wooden_hoe.png",
    "wooden_pickaxe": "images/nodes/resources/wooden_pickaxe.png",
    "wooden_shovel": "images/nodes/resources/wooden_shovel.png",
    "wooden_sword": "images/nodes/resources/wooden_sword.png",
    "writable_book": "images/nodes/resources/writable_book.png",
    "written_book": "images/nodes/resources/written_book.png",
    "yellow_dye": "images/nodes/resources/yellow_dye.png",
    
    "mob_bat": "images/nodes/resources/mob_bat.png",
    "mob_bee": "images/nodes/resources/mob_bee.png",
    "mob_cat": "images/nodes/resources/mob_cat.png",
    "mob_chicken": "images/nodes/resources/mob_chicken.png",
    "mob_cod": "images/nodes/resources/mob_cod.png",
    "mob_cow": "images/nodes/resources/mob_cow.png",
    "mob_dolphin": "images/nodes/resources/mob_dolphin.png",
    "mob_donkey": "images/nodes/resources/mob_donkey.png",
    "mob_fox": "images/nodes/resources/mob_fox.png",
    "mob_horse": "images/nodes/resources/mob_horse.png",
    "mob_llama": "images/nodes/resources/mob_llama.png",
    "mob_mooshroom": "images/nodes/resources/mob_mooshroom.png",
    "mob_mule": "images/nodes/resources/mob_mule.png",
    "mob_ocelot": "images/nodes/resources/mob_ocelot.png",
    "mob_panda": "images/nodes/resources/mob_panda.png",
    "mob_parrot": "images/nodes/resources/mob_parrot.png",
    "mob_pig": "images/nodes/resources/mob_pig.png",
    "mob_polar_bear": "images/nodes/resources/mob_polar_bear.png",
    "mob_rabbit": "images/nodes/resources/mob_rabbit.png",
    "mob_salmon": "images/nodes/resources/mob_salmon.png",
    "mob_sheep": "images/nodes/resources/mob_sheep.png",
    "mob_skeleton_horse": "images/nodes/resources/mob_skeleton_horse.png",
    "mob_squid": "images/nodes/resources/mob_squid.png",
    "mob_turtle": "images/nodes/resources/mob_turtle.png",
    "mob_villager": "images/nodes/resources/mob_villager.png",
    "mob_wandering_trader": "images/nodes/resources/mob_wandering_trader.png",
    "mob_wolf": "images/nodes/resources/mob_wolf.png"
}