{"meta":{"type":"towns"},"residents":{"e1eab436-5704-494a-a886-9ccfb0b5ffb6":{"name":"MaybeNotSheep5","town":"Trader","nation":null,"claims":[50,0],"prefix":"","suffix":"","trust":false,"townCool":0},"a13e7912-7324-44df-8de3-9dcf55169719":{"name":"Ratchet_97","town":null,"nation":null,"claims":[1,1383717],"prefix":"","suffix":"","trust":false,"townCool":0},"45a9157f-ea86-47fd-a306-6321a43ae767":{"name":"_Helias","town":null,"nation":null,"claims":[0,0],"prefix":"","suffix":"","trust":false,"townCool":0},"814805e4-158f-40fb-a46f-c431fcb1c951":{"name":"Geenhb","town":"Delhi","nation":"Harsha","claims":[50,0],"prefix":"","suffix":"","trust":false,"townCool":0},"bc11f361-00c6-4b90-abb5-5f843bc1cd7f":{"name":"Gwntimm","town":"Delhi","nation":"Harsha","claims":[50,0],"prefix":"","suffix":"Brew_Meister","trust":false,"townCool":0},"5aff36f4-8423-4274-b838-332952f9addf":{"name":"aizerune","town":"Pyongyang","nation":"Korean_Federation","claims":[35,2462026],"prefix":"Greatest_King","suffix":"","trust":false,"townCool":0},"4b735847-b7f9-4796-b014-e0a93469e9f7":{"name":"jammy_nutrient","town":"Aksum","nation":"Kingdom_Of_Aksum","claims":[35,2221940],"prefix":"","suffix":"","trust":false,"townCool":0},"10238270-81af-4c22-b7f5-4a490ddba645":{"name":"Jonas_SG","town":"Vyādhapūra","nation":"Kingdom_of_Funan","claims":[45,3483123],"prefix":"Emperor","suffix":"Booze_Cruiser","trust":false,"townCool":0},"d62f0c10-cc27-4cd1-b7f7-d8391e39bf36":{"name":"Lain__Iwakura","town":"Chang'an","nation":"Tang_Empire","claims":[25,1020870],"prefix":"","suffix":"","trust":false,"townCool":0},"7c0199e0-efb5-4c74-876d-2e3ecc7c15e8":{"name":"The_RedBaron_20","town":"Aspahan","nation":"Sassanid_Persia","claims":[40,3242732],"prefix":"","suffix":"","trust":false,"townCool":0},"57b06dac-bf76-4239-a90f-2e09de78b884":{"name":"Lemon_Shot","town":"Chang'an","nation":"Tang_Empire","claims":[40,2582244],"prefix":"","suffix":"","trust":false,"townCool":0},"51bc7c33-419c-4886-bab6-6974087c4d1b":{"name":"An1a","town":"Vyādhapūra","nation":"Kingdom_of_Funan","claims":[50,0],"prefix":"","suffix":"BLM","trust":false,"townCool":0},"36ac2b51-af99-425b-bd57-cb70172248a8":{"name":"_Sypan_","town":"Busan","nation":"Korean_Federation","claims":[40,0],"prefix":"","suffix":"","trust":false,"townCool":0},"b3e8e529-09f1-4a05-9d8c-ada28d7fb175":{"name":"SuperTerribad","town":"Aksum","nation":"Kingdom_Of_Aksum","claims":[40,2041717],"prefix":"","suffix":"","trust":false,"townCool":0},"cb75d153-bddd-438e-ab57-40530d628bcd":{"name":"FunkyGopnik","town":"Anuradhapura","nation":"Tamilakam","claims":[50,0],"prefix":"King","suffix":"the_Brewer","trust":false,"townCool":0},"2d2e3c5a-2486-4c31-b3a0-9ff944ee088c":{"name":"Lixqsr","town":"Aspahan","nation":"Sassanid_Persia","claims":[41,2221847],"prefix":"","suffix":"","trust":false,"townCool":0},"dde98725-20ce-4aae-ad2c-7bee8a0164aa":{"name":"Guykins","town":"Derbent","nation":"Khazar","claims":[50,0],"prefix":"Khan","suffix":"","trust":false,"townCool":0},"5e17d2d9-f339-4b50-abd6-4079710ecf8a":{"name":"Trent123456","town":"Nasirpur","nation":"Sindh","claims":[50,0],"prefix":"","suffix":"","trust":false,"townCool":0},"8e6c7c00-72f5-4b89-bca8-23c9cdc0e610":{"name":"_C0OK1E","town":"Baghdad","nation":"Abbasid_Caliphate","claims":[16,2642205],"prefix":"Knight","suffix":"","trust":false,"townCool":0},"f8adde90-5bd1-408a-b347-37209cc39f11":{"name":"akzz9","town":"Baghdad","nation":"Abbasid_Caliphate","claims":[50,0],"prefix":"Caliph","suffix":"","trust":false,"townCool":0},"f2acb486-ebe0-43ee-863f-7ea81c3af433":{"name":"Publiustullius","town":"Kashgar","nation":"West_Turks","claims":[40,2462203],"prefix":"","suffix":"","trust":false,"townCool":0},"a9704526-acb1-4010-a442-f96debc49dbb":{"name":"_03_Matt","town":"Lhasa","nation":"Empire_Of_Tibet","claims":[50,0],"prefix":"","suffix":"","trust":false,"townCool":0},"2d4e0968-232d-430e-b74e-9955c0fcac59":{"name":"Goaboa","town":"Goa","nation":"Kingdom_Of_Aksum","claims":[35,2345053],"prefix":"Goa","suffix":"Boa","trust":false,"townCool":0},"a79bc20a-da62-4dac-b422-928d6519d3c6":{"name":"T1MURLANE","town":"Samarkand","nation":"Hephthalites","claims":[50,0],"prefix":"","suffix":"","trust":false,"townCool":0},"94d1647e-3d61-4099-a204-85c40e4e3f0b":{"name":"Araphs","town":"Busan","nation":"Korean_Federation","claims":[21,660571],"prefix":"","suffix":"","trust":false,"townCool":0},"1d6a472f-4d96-462f-826e-73a04d29f6b5":{"name":"_Mattsss_","town":"Busan","nation":"Korean_Federation","claims":[25,3422948],"prefix":"","suffix":"","trust":false,"townCool":0},"312d3d3d-2110-40a1-83ce-396aa00c38d3":{"name":"emome","town":"Goa","nation":"Kingdom_Of_Aksum","claims":[50,0],"prefix":"","suffix":"","trust":false,"townCool":0},"9f780f8e-c93a-4b7f-b7e4-e9e12b5ef863":{"name":"minenamejeff","town":"Derbent","nation":"Khazar","claims":[21,1201005],"prefix":"Khagan","suffix":"","trust":false,"townCool":0},"63c60b41-e958-4419-b4f7-59d16995a6f0":{"name":"pontifexmax","town":"Kashgar","nation":"West_Turks","claims":[50,0],"prefix":"","suffix":"","trust":false,"townCool":0},"5a5db5df-7059-4b48-ba87-b92f099aa019":{"name":"Hyperborea","town":"Samarkand","nation":"Hephthalites","claims":[45,2582244],"prefix":"","suffix":"","trust":false,"townCool":0},"c4433921-5a56-4a5d-9138-32acb3eb5a51":{"name":"VX_Purger","town":"Anuradhapura","nation":"Tamilakam","claims":[11,540455],"prefix":"","suffix":"","trust":false,"townCool":0},"fe170b2e-aa77-4c6c-9a5a-e699d8b88e3b":{"name":"Gabrilov","town":"Baku","nation":"Azerbaijani_Khagante","claims":[40,3062746],"prefix":"Khan","suffix":"Gabrooski","trust":false,"townCool":0},"de80a0df-c0fe-4194-81e7-9eafd6b65d2f":{"name":"johnsmat_","town":"Tatmadaw","nation":"Confederacy","claims":[40,1321147],"prefix":"PlantationOwner","suffix":"","trust":false,"townCool":0},"4c761fe2-beb5-4157-bed8-5c7fb29c70e0":{"name":"Southbum","town":"Samarkand","nation":"Hephthalites","claims":[1,2402053],"prefix":"","suffix":"","trust":false,"townCool":0},"c619d64e-ec24-4059-9e86-fb5a724e9cc7":{"name":"YogurtcuYcs","town":"Lhasa","nation":"Empire_Of_Tibet","claims":[21,2882421],"prefix":"","suffix":"","trust":false,"townCool":0},"47791ad5-4e47-40fb-a8b9-2115f063e134":{"name":"uhFiliate","town":null,"nation":null,"claims":[1,60050],"prefix":"","suffix":"","trust":false,"townCool":0},"038bdfec-d5f2-4d00-9c3b-369262390c7f":{"name":"TriceratopsBoi","town":"Chang'an","nation":"Tang_Empire","claims":[35,300254],"prefix":"","suffix":"","trust":true,"townCool":0},"125851f5-0a30-4ac3-a191-a4d05399f26a":{"name":"LieutenantPeter","town":"Baku","nation":"Azerbaijani_Khagante","claims":[16,3543160],"prefix":"Drag_Queen","suffix":"LongBottoms","trust":false,"townCool":0},"5ef6fcc3-0b89-4422-b6df-79a0d25ee2a4":{"name":"mixa_king","town":"Samarkand","nation":"Hephthalites","claims":[25,0],"prefix":"","suffix":"","trust":false,"townCool":0},"735bf306-7f95-4375-8cae-270d321d3ffc":{"name":"Krza","town":"Chang'an","nation":"Tang_Empire","claims":[6,1501256],"prefix":"","suffix":"","trust":true,"townCool":0},"2da12b1d-df42-4789-a7f6-930c5c2d600e":{"name":"Razzmus","town":"Kashgar","nation":"West_Turks","claims":[25,2402101],"prefix":"","suffix":"","trust":false,"townCool":0},"d760437d-b9d6-4ee7-bd59-f048edb7f2d8":{"name":"blacklivesmatter","town":"Linhuang","nation":"Khitan_Khaganate","claims":[40,360311],"prefix":"","suffix":"","trust":false,"townCool":0},"a90ec2fd-07e5-4877-b32c-44b41b706e26":{"name":"WillowyKnight76","town":"Lhasa","nation":"Empire_Of_Tibet","claims":[25,900754],"prefix":"","suffix":"","trust":false,"townCool":0},"df64eee5-80e2-4c55-8790-390e82a60cfb":{"name":"mousqueterie","town":"Linhuang","nation":"Khitan_Khaganate","claims":[50,0],"prefix":"※","suffix":"","trust":false,"townCool":0},"799eb33a-3b75-4962-9255-de6e87d0273f":{"name":"Godzillaskelli","town":"Samarkand","nation":"Hephthalites","claims":[25,2822438],"prefix":"","suffix":"","trust":false,"townCool":0},"68490439-852c-4a44-b68c-4968c061639d":{"name":"Leka_Epico","town":"Tatmadaw","nation":"Confederacy","claims":[21,0],"prefix":"","suffix":"","trust":false,"townCool":0},"3a54eb0a-5581-4178-825b-18980574949d":{"name":"Twodiks","town":"Long_Biên","nation":"Jiaozhi","claims":[35,2104626],"prefix":"","suffix":"","trust":false,"townCool":0},"05133a81-5176-4d94-b75e-6c67afa434be":{"name":"TerriBird","town":"Trebizund","nation":"SPQR","claims":[40,3122802],"prefix":"","suffix":"","trust":false,"townCool":20503065},"d6eb1b02-5b3e-4f3f-970b-87f0e055605d":{"name":"Former1y_Chucks","town":"Jalang","nation":"Indonesia","claims":[20,1801576],"prefix":"","suffix":"","trust":false,"townCool":0},"9bdd57e9-693e-486d-b59c-7c829e4cdb4c":{"name":"PhamtomGuy","town":null,"nation":null,"claims":[0,0],"prefix":"","suffix":"","trust":false,"townCool":0},"d6f4c259-6d60-44a3-a3f6-7b0dc5ca1182":{"name":"Charlemagne","town":"Linhuang","nation":"Khitan_Khaganate","claims":[6,300281],"prefix":"","suffix":"","trust":false,"townCool":0},"ae8e8a42-8d55-46cc-9964-e3502b5095f6":{"name":"Geckimvs","town":"Long_Biên","nation":"Jiaozhi","claims":[21,1981702],"prefix":"","suffix":"","trust":false,"townCool":0},"fd603e6b-6627-4b94-a117-c4597143069f":{"name":"Funlesss","town":"Kashgar","nation":"West_Turks","claims":[6,1501253],"prefix":"","suffix":"","trust":false,"townCool":0},"10b6b85b-098e-44f0-8a9b-da3248c39ec6":{"name":"Tilki8939","town":"Anuradhapura","nation":"Tamilakam","claims":[16,2702289],"prefix":"","suffix":"","trust":false,"townCool":0},"5dc57c93-f3f5-4ff9-9338-60cb1c469a32":{"name":"lim_brick","town":"Aksum","nation":"Kingdom_Of_Aksum","claims":[21,540484],"prefix":"","suffix":"","trust":false,"townCool":0},"0053da71-a366-4a43-9179-e737fc961244":{"name":"AdolfJewler","town":"Samarkand","nation":"Hephthalites","claims":[21,60061],"prefix":"","suffix":"","trust":false,"townCool":0},"49453958-1776-4e91-9694-8a9c4a4cef89":{"name":"HitTheLotto","town":"Linhuang","nation":"Khitan_Khaganate","claims":[21,1080939],"prefix":"","suffix":"","trust":false,"townCool":0},"5354bdd4-2ab2-4fb6-98ad-464e90bf37ce":{"name":"Rezuico","town":"Lhasa","nation":"Empire_Of_Tibet","claims":[16,3302949],"prefix":"","suffix":"","trust":false,"townCool":0},"a6ddb182-0ceb-4f93-bdb3-42382653efed":{"name":"Wukio13IsMyQueen","town":"Linhuang","nation":"Khitan_Khaganate","claims":[35,0],"prefix":"","suffix":"","trust":false,"townCool":0},"37e5eb63-b9a2-4735-9007-1c77d703daa3":{"name":"FifeMiner","town":"Kashgar","nation":"West_Turks","claims":[35,2101841],"prefix":"","suffix":"","trust":false,"townCool":0},"caffd0a0-042e-4022-910f-608be7fd277e":{"name":"XDA2","town":null,"nation":null,"claims":[1,599709],"prefix":"","suffix":"","trust":false,"townCool":0},"1b20019a-ca40-4aa4-9cc5-51416caef10e":{"name":"Maginall","town":"Delhi","nation":"Harsha","claims":[50,0],"prefix":"","suffix":"","trust":false,"townCool":0},"7a616bb8-1ea3-4d59-85ec-29cf07790cd7":{"name":"happyhotdogg","town":"Delhi","nation":"Harsha","claims":[30,2582244],"prefix":"","suffix":"","trust":false,"townCool":0},"a6df781c-fa5c-4720-82df-edbf8aac3a2c":{"name":"Rylfragger","town":"Derbent","nation":"Khazar","claims":[40,2402102],"prefix":"Khazar","suffix":"","trust":false,"townCool":0},"227c28c0-8d42-4c15-a7c8-308a0366912c":{"name":"Junglekok","town":"Samarkand","nation":"Hephthalites","claims":[50,0],"prefix":"","suffix":"","trust":false,"townCool":0},"d1de6e92-6a6e-42ec-b390-3b9cc3513d66":{"name":"wsdhff","town":"Samarkand","nation":"Hephthalites","claims":[36,3005660],"prefix":"","suffix":"","trust":false,"townCool":0},"30fcb841-ea13-4847-9397-5cd40719ad11":{"name":"roguelich","town":"Chang'an","nation":"Tang_Empire","claims":[36,1201040],"prefix":"","suffix":"","trust":true,"townCool":0},"44c91815-b08f-4bf7-86fe-dda7e88391ab":{"name":"VivianJames","town":"Chang'an","nation":"Tang_Empire","claims":[16,540457],"prefix":"","suffix":"","trust":true,"townCool":0},"305362ed-faf9-4754-917d-f6c094032b4f":{"name":"QuarterFrost","town":"Delhi","nation":"Harsha","claims":[30,1501330],"prefix":"","suffix":"","trust":false,"townCool":0},"c1db1ef1-69a7-4aa8-b4b6-be37c4c2b59c":{"name":"_Ealdorman_","town":"Samarkand","nation":"Hephthalites","claims":[26,1501290],"prefix":"","suffix":"","trust":false,"townCool":0},"1e339ed7-7ced-4bd4-a79d-560eca3457d8":{"name":"EmeryOP","town":"Long_Biên","nation":"Jiaozhi","claims":[1,1381155],"prefix":"","suffix":"","trust":false,"townCool":0},"a1141983-8b1e-4d0b-a371-1b736681645d":{"name":"CaptainNuclear","town":"Trebizund","nation":"SPQR","claims":[11,2522147],"prefix":"","suffix":"","trust":false,"townCool":0},"8ce33205-4c4b-4db7-ae4c-23820ed92e6c":{"name":"Fluffy_Hulk","town":"Delhi","nation":"Harsha","claims":[46,1321179],"prefix":"","suffix":"Build_Meister","trust":false,"townCool":0},"71624331-a2f1-4703-a49c-a38e4a2fc25c":{"name":"laichee","town":"Aksum","nation":"Kingdom_Of_Aksum","claims":[21,1621422],"prefix":"","suffix":"","trust":false,"townCool":0},"4dab297d-2801-4746-930e-457d31439ae4":{"name":"sqrmy","town":"Linhuang","nation":"Khitan_Khaganate","claims":[16,3363015],"prefix":"","suffix":"","trust":false,"townCool":0},"0ae81396-ba55-458c-ab3d-71a72c027c51":{"name":"Frill","town":"Linhuang","nation":"Khitan_Khaganate","claims":[1,2161869],"prefix":"","suffix":"","trust":false,"townCool":0},"663df57d-3a6e-4c7e-8ef4-5e2f7c1c8340":{"name":"Cpyrus","town":"Baku","nation":"Azerbaijani_Khagante","claims":[45,2282108],"prefix":"Devious","suffix":"Fondler","trust":false,"townCool":0},"8b83ea93-b8ac-4e4c-9331-b942b3ef0211":{"name":"NapoleonBobon","town":"Makkah","nation":"Abbasid_Caliphate","claims":[31,180158],"prefix":"","suffix":"","trust":false,"townCool":0},"83e8d866-d8ce-4e21-826d-d25b3a23c1b4":{"name":"pokos","town":"Chang'an","nation":"Tang_Empire","claims":[45,3122811],"prefix":"","suffix":"","trust":true,"townCool":0},"0054dd87-52ef-4240-abb2-a8ed4b3d51a7":{"name":"Smokey263","town":"Yasodharapura","nation":"Confederacy","claims":[45,1201024],"prefix":"","suffix":"","trust":false,"townCool":0},"bfa4cc23-e91e-401a-8a6d-eef58d11a5c3":{"name":"De_Mik","town":"Long_Biên","nation":"Jiaozhi","claims":[1,840703],"prefix":"","suffix":"","trust":false,"townCool":0},"ac90564f-ee31-4b54-bf93-11b64e45d2be":{"name":"tiltedOVRDSE","town":"Djibouti","nation":"Kingdom_Of_Aksum","claims":[40,600516],"prefix":"","suffix":"","trust":false,"townCool":0},"2af97cab-1478-4a52-a00f-89021be35508":{"name":"Wendell09","town":"Vyādhapūra","nation":"Kingdom_of_Funan","claims":[35,1741438],"prefix":"FragileAndGroomable","suffix":"Wendell09","trust":false,"townCool":0},"fe6d8003-5a83-4f0a-8755-9563c3b86707":{"name":"KalelPluto","town":"Bretze","nation":"Germark","claims":[30,0],"prefix":"","suffix":"","trust":false,"townCool":0},"863b6584-27da-416d-8710-b0d607d6f057":{"name":"meinkraftheld","town":"Bretze","nation":"Germark","claims":[11,1801506],"prefix":"","suffix":"","trust":false,"townCool":0},"39f9d3a9-8b75-415c-bfed-a955c15929ea":{"name":"Psyentific_","town":"Anuradhapura","nation":"Tamilakam","claims":[16,360262],"prefix":"ResidentLeaf","suffix":"the_sailor","trust":false,"townCool":0},"634da990-e451-4c37-93fe-89c80bb136ee":{"name":"Abu_Fredo","town":"Makkah","nation":"Abbasid_Caliphate","claims":[41,300258],"prefix":"","suffix":"","trust":false,"townCool":0},"4ac92047-7a4a-43a6-b0e1-41023816d594":{"name":"pepekeefs","town":"Baghdad","nation":"Abbasid_Caliphate","claims":[6,900762],"prefix":"","suffix":"","trust":false,"townCool":0},"144dfd81-1a4b-4dc9-8093-7114e3972b3e":{"name":"genarocraft","town":null,"nation":null,"claims":[0,0],"prefix":"","suffix":"","trust":false,"townCool":0},"9d79613b-6079-4c80-9acd-c463d7a0182f":{"name":"Turan_Shah","town":"Makkah","nation":"Abbasid_Caliphate","claims":[50,0],"prefix":"","suffix":"","trust":false,"townCool":0},"409d0162-64f3-40d5-ae86-fbc2b3fba56c":{"name":"well_to_do","town":"Chang'an","nation":"Tang_Empire","claims":[50,0],"prefix":"","suffix":"","trust":true,"townCool":0},"3db32708-1a6e-47f5-ad5e-5360dd57115a":{"name":"TiCTaCPoWer","town":"Tatmadaw","nation":"Confederacy","claims":[1,1020855],"prefix":"","suffix":"","trust":false,"townCool":0},"293a25ed-73c1-44bb-9487-fa33eb6a0b8d":{"name":"FistStache","town":"Aksum","nation":"Kingdom_Of_Aksum","claims":[21,1681455],"prefix":"","suffix":"","trust":false,"townCool":0},"c94e1e9b-6cb0-4db5-9b2d-b8261384060e":{"name":"Pug1763","town":"Baku","nation":"Azerbaijani_Khagante","claims":[16,783747],"prefix":"Fluxmaker","suffix":"GoblinLicker","trust":false,"townCool":0},"58870fea-6ef6-4122-a074-4b16d0c98f2e":{"name":"Russinho","town":"Vyādhapūra","nation":"Kingdom_of_Funan","claims":[31,1561382],"prefix":"","suffix":"","trust":false,"townCool":0},"921549ae-a0ca-4170-b51a-36140e63b07b":{"name":"Femboy_Thighs","town":"Vyādhapūra","nation":"Kingdom_of_Funan","claims":[11,840690],"prefix":"","suffix":"","trust":false,"townCool":0},"729d612b-c567-458a-b6d8-806a6a5b372b":{"name":"JulianApostate","town":"Aspahan","nation":"Sassanid_Persia","claims":[31,2341973],"prefix":"","suffix":"","trust":false,"townCool":0},"8932af2c-0b18-4b5d-9ec8-d9cbd074b3cd":{"name":"Praefectus_Demus","town":"Samarkand","nation":"Hephthalites","claims":[6,1261061],"prefix":"","suffix":"","trust":false,"townCool":0},"126db69f-4f8f-417f-918e-2e1a75771b9c":{"name":"Mokocchi","town":"Chang'an","nation":"Tang_Empire","claims":[16,2107626],"prefix":"","suffix":"","trust":true,"townCool":0},"94e365b8-e91b-47de-b7ae-331f4e912f57":{"name":"Garfieldism","town":"Derbent","nation":"Khazar","claims":[11,1741464],"prefix":"","suffix":"","trust":false,"townCool":0},"99f1a6e2-b3ae-4344-8c68-6c25405a1ba9":{"name":"Omega_Kenneth","town":"Djibouti","nation":"Kingdom_Of_Aksum","claims":[26,3543173],"prefix":"","suffix":"","trust":false,"townCool":0},"d450f9f9-c814-4097-8ce7-1004c6c4d2b8":{"name":"pugluvr468","town":"Kashgar","nation":"West_Turks","claims":[25,1140954],"prefix":"","suffix":"","trust":false,"townCool":0},"2e45d298-e615-4e04-a00d-3dfb7c84ea38":{"name":"MafiaCraft","town":"Kashgar","nation":"West_Turks","claims":[45,960834],"prefix":"","suffix":"","trust":false,"townCool":0},"5dcde913-d95a-440f-b612-c6813e319bba":{"name":"MrsVoyna","town":"Kashgar","nation":"West_Turks","claims":[50,0],"prefix":"","suffix":"","trust":false,"townCool":0},"57c7ac55-12fe-451d-9448-6e3ee54ddb13":{"name":"Biohazard041","town":"Kashgar","nation":"West_Turks","claims":[1,3242819],"prefix":"","suffix":"","trust":false,"townCool":0},"15a790b4-ec9f-4da5-9398-27c55e0290e7":{"name":"modcatto","town":"Baghdad","nation":"Abbasid_Caliphate","claims":[6,3122555],"prefix":"","suffix":"","trust":false,"townCool":0},"cd479be2-4cf0-4f44-8128-c7f68f899dab":{"name":"Utkuyy","town":"Otuken","nation":"East_Turks","claims":[30,0],"prefix":"","suffix":"","trust":false,"townCool":0},"32f89b96-29ee-4640-b29f-1fb912557783":{"name":"BustANutQuick","town":"Chang'an","nation":"Tang_Empire","claims":[40,120103],"prefix":"","suffix":"","trust":true,"townCool":0},"42e4a577-ea07-4120-beed-ef06788aa82c":{"name":"GooseHonk","town":"Tatmadaw","nation":"Confederacy","claims":[1,720593],"prefix":"","suffix":"","trust":false,"townCool":0},"ab3dfd8f-056e-469a-b0f7-7f136033547c":{"name":"Mamluk","town":"Long_Biên","nation":"Jiaozhi","claims":[1,3062595],"prefix":"","suffix":"","trust":false,"townCool":0},"ccdeb491-33b8-4848-bf81-010d8a84ff61":{"name":"Wally44__","town":"Kashgar","nation":"West_Turks","claims":[45,2161950],"prefix":"","suffix":"","trust":false,"townCool":0},"a356f0d7-49ab-4a05-b25f-f8d6c8c3805f":{"name":"0ller","town":"Lhasa","nation":"Empire_Of_Tibet","claims":[16,2402065],"prefix":"","suffix":"","trust":false,"townCool":0},"842a5867-3a40-482d-8f71-e0e46d456706":{"name":"shush67","town":"Makkah","nation":"Abbasid_Caliphate","claims":[21,2882527],"prefix":"","suffix":"","trust":false,"townCool":0},"f501a590-3133-4727-ba8f-bee66e4d401b":{"name":"OhEdot","town":"Tatmadaw","nation":"Confederacy","claims":[11,1441231],"prefix":"","suffix":"","trust":false,"townCool":0},"bde20d9e-cd8a-4bf7-a51f-ebb33a7676c0":{"name":"8888louis_","town":"Kashgar","nation":"West_Turks","claims":[6,300238],"prefix":"","suffix":"","trust":false,"townCool":0},"42d66b35-7e59-4981-86a1-e0bc0d2060a0":{"name":"Safadi","town":null,"nation":null,"claims":[0,0],"prefix":"","suffix":"","trust":false,"townCool":0},"33e8ccd9-0241-4aac-9e6e-a80fbfebe052":{"name":"STBNL","town":"Long_Biên","nation":"Jiaozhi","claims":[6,900781],"prefix":"","suffix":"","trust":false,"townCool":0},"f5b1ddd5-afdf-4e86-b7b3-d8f0b870e8d3":{"name":"NikoBellicPVP","town":"Otuken","nation":"East_Turks","claims":[1,720672],"prefix":"","suffix":"","trust":false,"townCool":0},"54d0b24f-253a-4986-9624-c306f8b06a26":{"name":"Sabitsuki","town":"Pyongyang","nation":"Korean_Federation","claims":[35,3062748],"prefix":"","suffix":"","trust":true,"townCool":0},"b6aa1123-6b77-49e6-9bea-98d93137d9d2":{"name":"Caraphindor","town":"Chang'an","nation":"Tang_Empire","claims":[45,1501269],"prefix":"","suffix":"","trust":true,"townCool":0},"b670e89e-8ef9-4bb0-a393-4f47f74f7fe3":{"name":"superjayden_nl","town":null,"nation":null,"claims":[0,0],"prefix":"","suffix":"","trust":false,"townCool":0},"d287efb0-e8d6-4c22-aafd-5a9cd9858598":{"name":"ignBaca","town":"Kashgar","nation":"West_Turks","claims":[6,3542955],"prefix":"","suffix":"","trust":false,"townCool":0},"cda28065-3a4a-43fc-bc85-0a7cbfda2e54":{"name":"RatoHumano","town":"Aspahan","nation":"Sassanid_Persia","claims":[21,2221901],"prefix":"","suffix":"","trust":false,"townCool":0},"63313034-bb4b-4eea-8dc8-c694bcd658dd":{"name":"BROMASTER_69","town":"Baku","nation":"Azerbaijani_Khagante","claims":[50,0],"prefix":"Drugmaster","suffix":"FartMaster","trust":false,"townCool":0},"529f643b-2dc1-48ff-8c34-db9a5820b62c":{"name":"VISCA_CATALUNYA","town":"Anbei","nation":"Tang_Empire","claims":[50,0],"prefix":"","suffix":"","trust":true,"townCool":0},"74cfd05c-5289-439c-b87a-920db5047a38":{"name":"SimonOwl","town":"Yasodharapura","nation":"Confederacy","claims":[11,360294],"prefix":"","suffix":"","trust":false,"townCool":0},"d5aa8922-5548-4044-bcd8-47bef2eb30ac":{"name":"Schrabidium","town":"Kashgar","nation":"West_Turks","claims":[1,2582951],"prefix":"","suffix":"","trust":false,"townCool":0},"10be0c9a-37e1-4a81-b24f-4fcd1c604de6":{"name":"RamRanchSheriff","town":"Samarkand","nation":"Hephthalites","claims":[6,480369],"prefix":"","suffix":"","trust":false,"townCool":0},"61c4da3d-11f4-488f-aded-fdf9355ea46e":{"name":"yur03972","town":"Aspahan","nation":"Sassanid_Persia","claims":[21,1080917],"prefix":"","suffix":"","trust":false,"townCool":0},"aeae487e-f6a5-46c0-86cc-3439468f5625":{"name":"Crusaeder","town":null,"nation":null,"claims":[0,0],"prefix":"","suffix":"","trust":false,"townCool":0},"d3695316-1bdb-451f-b1c5-2318b3b681d2":{"name":"Ruzmarin","town":null,"nation":null,"claims":[0,0],"prefix":"","suffix":"","trust":false,"townCool":0},"a95f558b-fe19-4e52-b343-2e6562b95e5c":{"name":"wolfdwg","town":"Long_Biên","nation":"Jiaozhi","claims":[1,480376],"prefix":"","suffix":"","trust":false,"townCool":0},"740a2628-fbc9-4f4d-89bb-34ac584cdc50":{"name":"_LeoTheKiller_","town":"Kashgar","nation":"West_Turks","claims":[21,2164943],"prefix":"","suffix":"","trust":false,"townCool":0},"bf4952ec-1425-4404-accf-7f17b7acf0b8":{"name":"IvyIsRandom","town":"Aspahan","nation":"Sassanid_Persia","claims":[1,1381227],"prefix":"","suffix":"","trust":false,"townCool":0},"f295197f-e78a-497a-b8bf-8bcfa460bff0":{"name":"NetworkGarage","town":"Lhasa","nation":"Empire_Of_Tibet","claims":[36,1141034],"prefix":"Ea","suffix":"Nasir","trust":false,"townCool":0},"15369d37-c87a-49d4-baeb-c8e4a19fda27":{"name":"IgnWu","town":"Samarkand","nation":"Hephthalites","claims":[50,0],"prefix":"","suffix":"","trust":false,"townCool":0},"8cd0a47d-5b14-4345-b791-5cb287e4cb71":{"name":"02Number","town":"Founding","nation":null,"claims":[50,0],"prefix":"","suffix":"","trust":false,"townCool":0},"6ec6bb6d-bb8b-4b05-b126-ad7a5030ebc2":{"name":"NazBr0","town":null,"nation":null,"claims":[0,0],"prefix":"","suffix":"","trust":false,"townCool":0},"6e8e40aa-de33-4525-85e0-c9059199b7e7":{"name":"FireDumplings","town":"Anbei","nation":"Tang_Empire","claims":[45,1801519],"prefix":"","suffix":"","trust":true,"townCool":0},"4287cb7f-b360-4722-9184-33b6e205d790":{"name":"Koopers","town":"Chang'an","nation":"Tang_Empire","claims":[1,600503],"prefix":"","suffix":"","trust":true,"townCool":0},"8d10fa18-fb70-40a2-a54a-c424cc85dc02":{"name":"Azombie1007","town":"Pyongyang","nation":"Korean_Federation","claims":[1,2642287],"prefix":"","suffix":"","trust":false,"townCool":0},"6fae2af7-0503-43be-9c93-cb5d36c494e6":{"name":"MainAk0","town":"Samarkand","nation":"Hephthalites","claims":[36,2765445],"prefix":"","suffix":"","trust":false,"townCool":0},"36029af1-143d-4696-8f31-f5d84ac0f83a":{"name":"Dcsword","town":"Long_Biên","nation":"Jiaozhi","claims":[6,900532],"prefix":"","suffix":"","trust":false,"townCool":0},"3873e642-4a70-4990-a57e-1eccbd84522c":{"name":"MarshallInsan1ty","town":"Samar","nation":null,"claims":[1,2882492],"prefix":"","suffix":"","trust":false,"townCool":103587442},"8e4b8b61-b498-418a-be71-42ee2e6373d3":{"name":"Willibrordus","town":null,"nation":null,"claims":[0,0],"prefix":"","suffix":"","trust":false,"townCool":0},"c57f9c79-4b21-45c0-bc43-d7e4a3d02f41":{"name":"Deltadouchnozzle","town":"Kashgar","nation":"West_Turks","claims":[1,3062661],"prefix":"","suffix":"","trust":false,"townCool":0},"4010b07a-3c32-4096-8483-c0f96ed2a2eb":{"name":"ninjaclimb1","town":"Long_Biên","nation":"Jiaozhi","claims":[1,1261112],"prefix":"","suffix":"","trust":false,"townCool":0},"42df987c-b4d7-4474-8b6c-08035e87f0f7":{"name":"PeroJuan700","town":"Chang'an","nation":"Tang_Empire","claims":[36,1501330],"prefix":"","suffix":"","trust":true,"townCool":0},"5c365251-5683-4c05-89dd-384fef7b1a03":{"name":"Hemolysis","town":"Chang'an","nation":"Tang_Empire","claims":[50,0],"prefix":"","suffix":"","trust":true,"townCool":0},"397c2d73-41b9-479c-a3fd-73030e8122de":{"name":"ExplorerEze","town":"Trebizund","nation":"SPQR","claims":[16,960819],"prefix":"","suffix":"","trust":false,"townCool":0},"31d4ee42-1934-4f85-b529-96ba139286f7":{"name":"RealDavidFace","town":"Samarkand","nation":"Hephthalites","claims":[1,1501269],"prefix":"","suffix":"","trust":false,"townCool":0},"774a53f4-eb95-49e7-a38c-b5ff15755775":{"name":"DYEGREENLUJAC","town":"Pyongyang","nation":"Korean_Federation","claims":[26,3302797],"prefix":"","suffix":"","trust":true,"townCool":0},"71bb6d15-8ed3-437d-a93b-074a7f1d30d5":{"name":"Krashkube","town":null,"nation":null,"claims":[0,0],"prefix":"","suffix":"","trust":false,"townCool":0},"fffda93f-458a-4e86-8348-9a54ef57b44d":{"name":"GallonmanTDM","town":"Vyādhapūra","nation":"Kingdom_of_Funan","claims":[6,3242757],"prefix":"","suffix":"","trust":false,"townCool":0},"9266d00e-94ef-423b-af6f-44370cfd7955":{"name":"Fartseb","town":"Baku","nation":"Azerbaijani_Khagante","claims":[26,2522245],"prefix":"Zodiac_believer","suffix":"","trust":false,"townCool":0},"cfdb060e-8c77-4c35-8ddf-a62f7f1fafc9":{"name":"ACR_01","town":"Lhasa","nation":"Empire_Of_Tibet","claims":[6,60052],"prefix":"","suffix":"","trust":false,"townCool":0},"7f175860-c28c-4fb1-b9da-c651333cdfcd":{"name":"RastaImposta","town":"Kalasin","nation":"Kingdom_of_Funan","claims":[30,0],"prefix":"","suffix":"","trust":false,"townCool":0},"f5e745aa-083c-4000-bb05-a605a809688d":{"name":"rspuda","town":"Anuradhapura","nation":"Tamilakam","claims":[36,2402092],"prefix":"Kang","suffix":"The_Brewer","trust":false,"townCool":0},"e9a2e169-2878-4c85-8231-319915bfeb96":{"name":"XDA1","town":"Chang'an","nation":"Tang_Empire","claims":[21,900782],"prefix":"","suffix":"","trust":true,"townCool":0},"c80db4b6-e62f-4885-ad73-a36c0ba0acd4":{"name":"Sinjid","town":"Anbei","nation":"Tang_Empire","claims":[50,0],"prefix":"","suffix":"","trust":true,"townCool":0},"d414be49-0b0e-4171-a24e-f73684f03ced":{"name":"Thunder_Guard","town":"Lhasa","nation":"Empire_Of_Tibet","claims":[1,2701461],"prefix":"","suffix":"","trust":false,"townCool":0},"7caf1636-bc33-481c-ac0a-916fc2883250":{"name":"Grenadecrow","town":"Lhasa","nation":"Empire_Of_Tibet","claims":[50,0],"prefix":"","suffix":"","trust":false,"townCool":0},"0ce8bfd5-f393-4ea6-a4fb-fb1e38711ecb":{"name":"VOLATILE_GAMING1","town":"Vyādhapūra","nation":"Kingdom_of_Funan","claims":[1,2822357],"prefix":"","suffix":"","trust":false,"townCool":0},"2eb98902-eda7-49ff-9c65-88ffc6c91f80":{"name":"RAdm_Aemilian","town":"Pyongyang","nation":"Korean_Federation","claims":[16,2822468],"prefix":"","suffix":"","trust":true,"townCool":0},"8cb344e2-a5df-4d0a-bc64-d267de9d1973":{"name":"Swaculiorino","town":"Derbent","nation":"Khazar","claims":[1,1621351],"prefix":"","suffix":"","trust":false,"townCool":0},"d82a2242-4b63-4b93-b447-830edd091b10":{"name":"AdamMADE","town":"Vyādhapūra","nation":"Kingdom_of_Funan","claims":[1,420360],"prefix":"","suffix":"","trust":false,"townCool":0},"2c6259be-7895-4e7d-9abf-75fc0a182375":{"name":"Miku_IsBae","town":"Aspahan","nation":"Sassanid_Persia","claims":[21,2942484],"prefix":"","suffix":"","trust":false,"townCool":0},"3af67c1a-cad5-489a-a493-8904c8b9d391":{"name":"fluffycop","town":"Long_Biên","nation":"Jiaozhi","claims":[1,1921606],"prefix":"","suffix":"","trust":false,"townCool":0},"18aedde3-cf0b-4c19-8310-d9335fde0f97":{"name":"drizzleeee","town":"Djibouti","nation":"Kingdom_Of_Aksum","claims":[21,1381230],"prefix":"","suffix":"","trust":false,"townCool":0},"b0b476c2-a145-4167-a2a0-48c3cf52e1a0":{"name":"Englavian","town":"Chang'an","nation":"Tang_Empire","claims":[1,120107],"prefix":"","suffix":"","trust":false,"townCool":0},"dc97c199-57d7-45af-b742-56dcc464195c":{"name":"Unixian","town":"Pyongyang","nation":"Korean_Federation","claims":[35,0],"prefix":"","suffix":"","trust":false,"townCool":0},"c8ff1801-620a-42fe-b4ed-a02519b9c6a0":{"name":"AfrykaP0lnocna_","town":"Bombaj","nation":"Karur","claims":[6,600500],"prefix":"","suffix":"","trust":false,"townCool":0},"3085a79b-bd0d-4606-9e53-e000958764b8":{"name":"Prawicowa","town":"Bombaj","nation":"Karur","claims":[40,1621466],"prefix":"","suffix":"","trust":false,"townCool":0},"834d7006-6df1-430c-a029-59eba6b73743":{"name":"Jovian_Moon_Man","town":"Samar","nation":null,"claims":[40,660554],"prefix":"","suffix":"","trust":false,"townCool":0},"888fbdeb-3d93-4010-8b4d-43e99f1e0eaa":{"name":"SMashmasster007","town":"Chang'an","nation":"Tang_Empire","claims":[16,1564420],"prefix":"","suffix":"","trust":true,"townCool":0},"fe032428-3883-4c09-ad8d-5459f439b950":{"name":"Mallmin","town":null,"nation":null,"claims":[0,0],"prefix":"","suffix":"","trust":false,"townCool":0},"209212c4-e2be-4078-89d3-1360e2f14776":{"name":"Ow3nM","town":"Baku","nation":"Azerbaijani_Khagante","claims":[1,1561370],"prefix":"","suffix":"","trust":false,"townCool":0},"85c0c8a3-b207-481b-9bce-e51554519ba4":{"name":"Potuty","town":"Kashgar","nation":"West_Turks","claims":[1,420278],"prefix":"","suffix":"","trust":false,"townCool":0},"75cf8666-b5e9-43bc-8b0b-f99a89fb693c":{"name":"BASTTY_7O2","town":"Makkah","nation":"Abbasid_Caliphate","claims":[16,360288],"prefix":"","suffix":"","trust":false,"townCool":0},"17fd0bb9-b89e-475c-8e31-48272b7e2f93":{"name":"Aidzpatrol","town":"Samarkand","nation":"Hephthalites","claims":[1,1501276],"prefix":"","suffix":"","trust":false,"townCool":0},"51e10e93-ada6-424c-aa14-898b251d6ce3":{"name":"Z3ff3r","town":"Baku","nation":"Azerbaijani_Khagante","claims":[1,2101828],"prefix":"Gobbler","suffix":"","trust":false,"townCool":0},"d868c394-dcd3-4411-97d3-01b009827a6d":{"name":"Remmend","town":"test","nation":null,"claims":[14,180153],"prefix":"","suffix":"","trust":false,"townCool":0},"602860e5-b0a4-40f3-858d-2b5116aba06a":{"name":"Rothergarterson","town":"Baku","nation":"Azerbaijani_Khagante","claims":[1,1321132],"prefix":"","suffix":"","trust":false,"townCool":0},"91198a73-0cd4-4e05-aed4-468b79b13bab":{"name":"CexOffender","town":"Samarkand","nation":"Hephthalites","claims":[50,0],"prefix":"","suffix":"","trust":false,"townCool":0},"2289d6cb-f76c-49c1-a442-453ea72a1448":{"name":"Antarrhes","town":"Aksum","nation":"Kingdom_Of_Aksum","claims":[6,1080888],"prefix":"","suffix":"","trust":false,"townCool":0},"94eefb7e-06d2-4d3f-90f5-a44defa27c72":{"name":"Presios","town":"Tatmadaw","nation":"Confederacy","claims":[21,3002590],"prefix":"","suffix":"","trust":false,"townCool":0},"e74dd2f0-94c2-449c-be19-7c6913027a87":{"name":"omgAlexa","town":"Tatmadaw","nation":"Confederacy","claims":[1,3542980],"prefix":"","suffix":"","trust":false,"townCool":0},"50cd0edf-f67c-44d7-8bd2-08e2da62a41e":{"name":"abdryer","town":"Tatmadaw","nation":"Confederacy","claims":[1,3362852],"prefix":"Slave","suffix":"","trust":false,"townCool":0},"9b42801a-e814-416a-8737-d143c79613a5":{"name":"Iwatchingyou","town":"Trebizund","nation":"SPQR","claims":[11,1861568],"prefix":"","suffix":"","trust":false,"townCool":0},"0e4da521-72ae-4566-aef6-d2d86dc7a60d":{"name":"subprofits","town":"Long_Biên","nation":"Jiaozhi","claims":[1,180155],"prefix":"","suffix":"","trust":false,"townCool":0},"e19a9475-9d49-4dad-8651-905ec67e3613":{"name":"strider4","town":null,"nation":null,"claims":[0,0],"prefix":"","suffix":"","trust":false,"townCool":0},"45e4afad-4b79-47b1-86e2-08e655145971":{"name":"Robb12","town":"Chang'an","nation":"Tang_Empire","claims":[16,2161812],"prefix":"","suffix":"","trust":true,"townCool":0},"ecb1dfa6-1680-461e-bb17-6aa93558abaa":{"name":"disputedname","town":"Samarkand","nation":"Hephthalites","claims":[6,2221931],"prefix":"","suffix":"","trust":false,"townCool":0},"cf66633b-42dd-4a2e-8c90-0d04aea614c9":{"name":"BuilderSam4","town":null,"nation":null,"claims":[1,420354],"prefix":"","suffix":"","trust":false,"townCool":0},"33cc8582-c532-4fb7-8a8a-fc439af75cc9":{"name":"RandomGuardian","town":null,"nation":null,"claims":[0,0],"prefix":"","suffix":"","trust":false,"townCool":0},"8887755c-0948-4e87-be83-65cd3d36cf48":{"name":"Kragot","town":null,"nation":null,"claims":[0,0],"prefix":"","suffix":"","trust":false,"townCool":0},"857b50b3-ae3d-4723-a05b-12e61bfa7777":{"name":"Moshayan","town":"Samarkand","nation":"Hephthalites","claims":[31,780677],"prefix":"","suffix":"","trust":false,"townCool":0},"5dc00fbe-bb13-4150-b677-66dc3625f074":{"name":"alexbearclaw","town":"Tatmadaw","nation":"Confederacy","claims":[1,2101822],"prefix":"","suffix":"","trust":false,"townCool":0},"153fe04f-27b0-486c-adcf-cdc5d58f13cc":{"name":"gangsta_cheese","town":"Pyongyang","nation":"Korean_Federation","claims":[11,1261068],"prefix":"","suffix":"","trust":true,"townCool":0},"7c43c8cf-1a6e-4a84-ae97-bab92be9c198":{"name":"ADM8","town":"Kashgar","nation":"West_Turks","claims":[1,720605],"prefix":"","suffix":"","trust":false,"townCool":0},"e42e0598-1e1d-4b12-9870-a3e7a537c230":{"name":"TheInquisitor","town":"Aksum","nation":"Kingdom_Of_Aksum","claims":[1,660557],"prefix":"","suffix":"","trust":false,"townCool":0},"a3511488-9644-4413-a992-46f4216356cd":{"name":"GrrGGGrr","town":"Tatmadaw","nation":"Confederacy","claims":[11,1681539],"prefix":"","suffix":"","trust":false,"townCool":0},"591f1098-1306-4e75-9f6a-ff4f995b5837":{"name":"altoids762","town":"Chang'an","nation":"Tang_Empire","claims":[1,3482942],"prefix":"","suffix":"","trust":true,"townCool":0},"18af62b3-a845-4659-aae3-b33924a2bef8":{"name":"makubecks","town":"Vyādhapūra","nation":"Kingdom_of_Funan","claims":[26,3242697],"prefix":"","suffix":"Wendell09","trust":false,"townCool":0},"8de39e83-0b2e-4a92-84bc-3ca4a6ad2411":{"name":"PinkWarriorMan","town":"Aspahan","nation":"Sassanid_Persia","claims":[16,3302824],"prefix":"","suffix":"","trust":false,"townCool":0},"94e667a5-1cc5-4fd9-8809-3a2b1552df56":{"name":"XXNIGBIGGERXX","town":"Goa","nation":"Kingdom_Of_Aksum","claims":[16,780672],"prefix":"","suffix":"","trust":false,"townCool":0},"0093555c-a3e8-41a0-b58a-a0f1404625f5":{"name":"CharredIre","town":"Anuradhapura","nation":"Tamilakam","claims":[6,2047595],"prefix":"","suffix":"","trust":false,"townCool":0},"ca89c059-15d5-4c89-a542-57cc724b801f":{"name":"Budaq","town":"Long_Biên","nation":"Jiaozhi","claims":[1,0],"prefix":"","suffix":"","trust":false,"townCool":0},"a17f1b93-338d-47f5-9b8a-ae853caa7683":{"name":"Palad1NOP","town":"Long_Biên","nation":"Jiaozhi","claims":[1,0],"prefix":"","suffix":"","trust":false,"townCool":0},"53aaa26b-3ba1-42e1-a2b8-8fd7b95f5761":{"name":"Antonius114","town":"Goa","nation":"Kingdom_Of_Aksum","claims":[21,780672],"prefix":"","suffix":"","trust":false,"townCool":0},"09fd5e88-f04f-4179-bbc3-a8ea8088040a":{"name":"TheTrollingOki","town":"Lhasa","nation":"Empire_Of_Tibet","claims":[41,2424102],"prefix":"","suffix":"","trust":false,"townCool":0},"7e21bf83-8041-4424-874e-9551ae023ddd":{"name":"ryebread7923","town":"Tatmadaw","nation":"Confederacy","claims":[11,540470],"prefix":"","suffix":"","trust":false,"townCool":0},"6963db08-561e-462b-879d-103d715758d5":{"name":"OhEwokee","town":"Tatmadaw","nation":"Confederacy","claims":[6,3002565],"prefix":"","suffix":"","trust":false,"townCool":0},"e8b9580b-a83c-462b-ad00-59c0862f279e":{"name":"Menagold","town":"Pyongyang","nation":"Korean_Federation","claims":[6,2161832],"prefix":"","suffix":"","trust":false,"townCool":0},"cbe20db1-7c28-40e3-b1c6-9b14994408aa":{"name":"FriedrichderGro","town":"Aspahan","nation":"Sassanid_Persia","claims":[26,1621409],"prefix":"","suffix":"","trust":false,"townCool":0},"82f62f45-1b20-477a-96c9-467d8305d055":{"name":"paradox__0","town":"Djibouti","nation":"Kingdom_Of_Aksum","claims":[11,1261106],"prefix":"","suffix":"","trust":false,"townCool":0},"aadbb5b8-7844-4705-b3eb-6059a59e63ed":{"name":"niggum_killum","town":"Chang'an","nation":"Tang_Empire","claims":[1,420353],"prefix":"","suffix":"","trust":true,"townCool":0},"fa46c8c2-246f-4384-8f69-1099737f2ab8":{"name":"PabloEscobar23","town":null,"nation":null,"claims":[1,1561311],"prefix":"","suffix":"","trust":false,"townCool":0},"7074ab7c-d96d-4e36-af86-a65faab4a14c":{"name":"Kuakster_","town":"Sungai_Petani","nation":"Kedah_Sultanate","claims":[45,3062590],"prefix":"","suffix":"","trust":false,"townCool":0},"0ad803c3-1865-46fd-997a-821610e88c54":{"name":"floods_monitor","town":"Chang'an","nation":"Tang_Empire","claims":[1,1261089],"prefix":"","suffix":"","trust":true,"townCool":0},"4222a589-1ad9-400a-9f55-26ca8cb3dbf9":{"name":"TrumpWon__","town":"Kashgar","nation":"West_Turks","claims":[6,840707],"prefix":"","suffix":"","trust":false,"townCool":0},"23899c58-bd7a-426b-9f71-152d3515b672":{"name":"xethyr","town":"Chang'an","nation":"Tang_Empire","claims":[1,900762],"prefix":"","suffix":"","trust":true,"townCool":0},"f31e771a-0e27-493c-9f04-1db1963a7b49":{"name":"BikelifeJeed","town":null,"nation":null,"claims":[1,60050],"prefix":"","suffix":"","trust":false,"townCool":0},"9bd4a3d3-1af9-4eea-ad1e-e15adfa78600":{"name":"Kamzante","town":"Samarkand","nation":"Hephthalites","claims":[6,1080929],"prefix":"","suffix":"","trust":false,"townCool":0},"20950399-f391-4304-9be1-2b8b3bc17357":{"name":"Bear1420","town":"Samarkand","nation":"Hephthalites","claims":[1,180156],"prefix":"","suffix":"","trust":false,"townCool":0},"c73d5bd8-014b-490b-ac33-4890a7f7b70f":{"name":"MioII","town":"Long_Biên","nation":"Jiaozhi","claims":[1,0],"prefix":"","suffix":"","trust":false,"townCool":0},"bbc0d687-2467-4504-87b5-3d47f23fa1fc":{"name":"JoshBright","town":"Long_Biên","nation":"Jiaozhi","claims":[1,120102],"prefix":"","suffix":"","trust":false,"townCool":0},"4adc5d21-d95e-4602-9cbc-645dd61a9014":{"name":"DeezBingBongNutz","town":"Long_Biên","nation":"Jiaozhi","claims":[1,720614],"prefix":"","suffix":"","trust":false,"townCool":0},"4ed13434-93eb-426b-b16d-4db44fc305b3":{"name":"permragged","town":"Linhuang","nation":"Khitan_Khaganate","claims":[1,60052],"prefix":"","suffix":"","trust":false,"townCool":0},"4af55870-665d-4b15-a986-0d90bdad3bde":{"name":"3192","town":null,"nation":null,"claims":[0,0],"prefix":"","suffix":"","trust":false,"townCool":0},"8da44240-4de2-4046-8c07-54ff4d949be1":{"name":"Atsteria","town":"Anbei","nation":"Tang_Empire","claims":[1,1140970],"prefix":"","suffix":"","trust":true,"townCool":0},"559404ec-2235-4044-a43a-70b81123d7b7":{"name":"TheOnlyRep","town":null,"nation":null,"claims":[0,0],"prefix":"","suffix":"","trust":false,"townCool":0},"49a144bc-b81c-49f5-9bfb-ff1f3e2b9123":{"name":"mario_fusco5425","town":null,"nation":null,"claims":[0,0],"prefix":"","suffix":"","trust":false,"townCool":0},"4b31665c-d19d-428a-a48f-180e9b5cb9c3":{"name":"NikoDJ","town":"Chang'an","nation":"Tang_Empire","claims":[11,2822452],"prefix":"","suffix":"","trust":true,"townCool":0},"6f8212b4-7032-4210-ac02-1ac1906998fb":{"name":"Frederik0111","town":"Chang'an","nation":"Tang_Empire","claims":[16,420352],"prefix":"","suffix":"","trust":true,"townCool":0},"90f9d411-fc2e-4f57-8a18-2b193f4558e9":{"name":"vurmy","town":"Linhuang","nation":"Khitan_Khaganate","claims":[1,1261038],"prefix":"","suffix":"","trust":false,"townCool":0},"42750448-086e-44d5-9d5d-0bd3f8bb7f39":{"name":"NotWeirdGuy","town":"Anbei","nation":"Tang_Empire","claims":[1,300252],"prefix":"","suffix":"","trust":true,"townCool":0},"454275ad-2f55-4e33-bea6-1b3f3ee386e8":{"name":"SaltyGamerXtra","town":"Trebizund","nation":"SPQR","claims":[1,900751],"prefix":"","suffix":"","trust":false,"townCool":0},"b6128cb7-fe4a-40fe-90bb-364ef2966b02":{"name":"AtheistProdigy","town":"Samarkand","nation":"Hephthalites","claims":[1,1381164],"prefix":"","suffix":"","trust":false,"townCool":0},"5a2376ef-0ce2-4bab-9d63-db88db51e1cb":{"name":"crag7of9","town":"Lhasa","nation":"Empire_Of_Tibet","claims":[36,300255],"prefix":"","suffix":"","trust":false,"townCool":0},"7be393be-8c9f-4224-8db3-c64686e35066":{"name":"scaredybird153","town":null,"nation":null,"claims":[0,0],"prefix":"","suffix":"","trust":false,"townCool":0},"c0577498-55be-416e-9733-a2cb58b62c08":{"name":"bbgirllellow","town":null,"nation":null,"claims":[0,0],"prefix":"","suffix":"","trust":false,"townCool":0},"718d7f96-6f8b-4463-b061-3a5473fb76bc":{"name":"kk4eek","town":null,"nation":null,"claims":[0,0],"prefix":"","suffix":"","trust":false,"townCool":0},"c5038e56-f5e2-4758-87b1-5de676bb7952":{"name":"Harveyinger","town":null,"nation":null,"claims":[0,0],"prefix":"","suffix":"","trust":false,"townCool":0},"2d87d0df-301d-4eed-ad5a-affadc268b48":{"name":"abram2803","town":null,"nation":null,"claims":[0,0],"prefix":"","suffix":"","trust":false,"townCool":0},"03a3dc1b-863a-4e4a-a9e8-ab67ae73a37d":{"name":"Imz_42","town":"Makkah","nation":"Abbasid_Caliphate","claims":[1,1681410],"prefix":"","suffix":"","trust":false,"townCool":0},"f5cfb1e9-fbe5-4e9a-b31a-56148e62392c":{"name":"JustWishIWasDead","town":"Anbei","nation":"Tang_Empire","claims":[6,120100],"prefix":"","suffix":"","trust":true,"townCool":0},"7b84fc85-d5d0-4cd2-ab91-c7e43f2857e1":{"name":"Matix340","town":"Bombaj","nation":"Karur","claims":[1,2041727],"prefix":"","suffix":"","trust":false,"townCool":0},"f71bbcdd-3e65-4dbd-a447-bcf40251ed12":{"name":"MinecraftGamer_p","town":"Bombaj","nation":"Karur","claims":[11,900863],"prefix":"","suffix":"","trust":false,"townCool":0},"506d6711-278c-48fd-a79f-32f5e1e00cb3":{"name":"Luminisant","town":"Sungai_Petani","nation":"Kedah_Sultanate","claims":[1,2942484],"prefix":"","suffix":"","trust":false,"townCool":0},"e48e33fc-9639-47bd-b2ae-432b9ed9cd02":{"name":"Urbi_","town":"Bombaj","nation":"Karur","claims":[1,2942483],"prefix":"","suffix":"","trust":false,"townCool":0},"c6841b2a-d3cc-4574-a478-87c5e7695e07":{"name":"DarkVxn0m_","town":"Chang'an","nation":"Tang_Empire","claims":[11,840730],"prefix":"","suffix":"","trust":true,"townCool":0},"ef6eb30f-d1c9-4ba4-afa7-161cf221436a":{"name":"Theok11","town":null,"nation":null,"claims":[0,0],"prefix":"","suffix":"","trust":false,"townCool":0},"d1752390-ddd9-49be-bd54-5f3dc1098fc5":{"name":"_Mr_Munro","town":"Nasirpur","nation":"Sindh","claims":[1,360304],"prefix":"","suffix":"","trust":false,"townCool":0},"289b1bac-4558-489d-af1e-64c32a897e17":{"name":"lepuyguy","town":"Lhasa","nation":"Empire_Of_Tibet","claims":[21,300258],"prefix":"","suffix":"","trust":false,"townCool":0},"a84174c3-28c0-441b-a3c6-a24c0e340e91":{"name":"EPSTEIN_GAMING14","town":"Samarkand","nation":"Hephthalites","claims":[11,1561337],"prefix":"","suffix":"","trust":false,"townCool":0},"4334598f-d429-4bd3-86dc-5b1334a3ea76":{"name":"slodziakUwU","town":"Bombaj","nation":"Karur","claims":[1,2123871],"prefix":"","suffix":"","trust":false,"townCool":0},"64d18710-ac60-472d-93b2-7d22559b040d":{"name":"CO0KlE_M0NSTER","town":"Bongobong","nation":"Abbasid_Caliphate","claims":[50,0],"prefix":"just","suffix":"","trust":false,"townCool":0},"03825363-aac1-452a-a8d9-ae848ce1dd1e":{"name":"TheSuperMario64","town":null,"nation":null,"claims":[1,240225],"prefix":"","suffix":"","trust":false,"townCool":0},"b734830a-8343-4221-9afe-1833d3540c3d":{"name":"AlcyAlcaline","town":"Kashgar","nation":"West_Turks","claims":[1,0],"prefix":"","suffix":"","trust":false,"townCool":0},"405b1ced-1c28-4bd3-8e51-5c61cff214f0":{"name":"HuntingAtom","town":null,"nation":null,"claims":[0,0],"prefix":"","suffix":"","trust":false,"townCool":0},"60365a85-6cea-4a6f-8d74-3ec98c8e2679":{"name":"Tejus","town":"Vaishali","nation":"Harsha","claims":[50,0],"prefix":"","suffix":"","trust":false,"townCool":0},"8d1ec976-55b3-45a4-949a-99db4e245a32":{"name":"gramie22","town":"Kashgar","nation":"West_Turks","claims":[11,3362909],"prefix":"","suffix":"","trust":false,"townCool":0},"a34a2d36-01ed-4836-a5a9-eba4c292574e":{"name":"sprnklednkle","town":"Goa","nation":"Kingdom_Of_Aksum","claims":[16,240208],"prefix":"","suffix":"","trust":false,"townCool":0},"e9e0df5c-a74c-4952-aab2-7bfc297b07aa":{"name":"Remmaps","town":"Baku","nation":"Azerbaijani_Khagante","claims":[1,2582174],"prefix":"","suffix":"","trust":false,"townCool":0},"5881185f-1f30-42aa-a677-2cd3c1bce146":{"name":"Stygia","town":null,"nation":null,"claims":[0,0],"prefix":"","suffix":"","trust":false,"townCool":0},"8bf6ccf8-af3d-4a2f-bc38-24cb7c37849d":{"name":"Sjoerb","town":"Delhi","nation":"Harsha","claims":[1,360281],"prefix":"","suffix":"","trust":false,"townCool":0},"a60f9f2d-1f26-42b7-a8e7-dda80ed09267":{"name":"flood__1","town":"Baghdad","nation":"Abbasid_Caliphate","claims":[6,60051],"prefix":"","suffix":"","trust":false,"townCool":0},"38f3c97c-69a3-429b-915a-3acacc2fc5df":{"name":"DeltahGR","town":"Busan","nation":"Korean_Federation","claims":[1,540466],"prefix":"","suffix":"","trust":false,"townCool":0},"603686d9-171d-46ec-be3a-609484bd0600":{"name":"Lusitanism","town":"Muscat","nation":null,"claims":[50,0],"prefix":"","suffix":"","trust":false,"townCool":0},"b26f64d3-6f07-4136-a904-c45cb415cdc6":{"name":"bleac_h","town":"Chang'an","nation":"Tang_Empire","claims":[11,900782],"prefix":"","suffix":"","trust":true,"townCool":0},"6556e8e7-eec5-470d-b17c-bd59fece5406":{"name":"tablekitten","town":"Nasirpur","nation":"Sindh","claims":[6,1141081],"prefix":"","suffix":"","trust":false,"townCool":0},"c6860782-23e8-4c14-9b52-28076083883c":{"name":"gamma548","town":"Anuradhapura","nation":"Tamilakam","claims":[6,960831],"prefix":"","suffix":"","trust":false,"townCool":0},"8b564094-9c2e-40f7-be56-e00a85fefea9":{"name":"NaHa000","town":"Baku","nation":"Azerbaijani_Khagante","claims":[1,2762468],"prefix":"","suffix":"","trust":false,"townCool":0},"5c6dd423-541d-49d2-8e7b-f49b5677a681":{"name":"Tkalash","town":null,"nation":null,"claims":[0,0],"prefix":"","suffix":"","trust":false,"townCool":0},"dfd7eed0-147e-4944-a26e-987ef06efa0b":{"name":"HUNGRY_NIBBLER","town":"Samarkand","nation":"Hephthalites","claims":[1,2762418],"prefix":"","suffix":"","trust":false,"townCool":0},"c6aebf6f-7bb2-418c-a6f3-3645341bbe67":{"name":"Roxolid_","town":"Aksum","nation":"Kingdom_Of_Aksum","claims":[1,960834],"prefix":"","suffix":"","trust":false,"townCool":0},"e5232985-13b9-4af8-b0bb-46474eaddafa":{"name":"EticaDD","town":"Lhasa","nation":"Empire_Of_Tibet","claims":[1,840730],"prefix":"","suffix":"","trust":false,"townCool":0},"439bc5e0-1834-4f41-b06d-f8f62671cdf7":{"name":"DankPasha720","town":"Makkah","nation":"Abbasid_Caliphate","claims":[1,2041786],"prefix":"","suffix":"","trust":false,"townCool":0},"8da150bf-5d46-4da5-8de0-29c1f49bc27e":{"name":"Boss1403","town":null,"nation":null,"claims":[1,120117],"prefix":"","suffix":"","trust":false,"townCool":0},"3910cb1e-d917-44c0-b4a2-02f2137f986e":{"name":"Catsaexxc","town":null,"nation":null,"claims":[0,0],"prefix":"","suffix":"","trust":false,"townCool":0}},"towns":{"Trader":{"uuid":"f5e75d2b-1d9d-474a-a586-1febbb00d099","leader":"e1eab436-5704-494a-a886-9ccfb0b5ffb6","home":9154,"spawn":[24.0,98.0,1224.0],"color":[34,41,178],"perms":{"INTERACT":[0,3],"BUILD":[0],"DESTROY":[0],"CHESTS":[0],"USE_ITEMS":[0],"INCOME":[0]},"residents":["e1eab436-5704-494a-a886-9ccfb0b5ffb6"],"officers":[],"claimsBonus":0,"claimsAnnexed":0,"claimsPenalty":[0,0],"territories":[9154,9155,8895,8919],"annexed":[],"captured":[],"outpost":{},"allies":[],"enemies":["Bongobong","Makkah","Baghdad"],"income":{"IRON_ORE":39,"SCUTE":39,"LEATHER":93,"GLISTERING_MELON_SLICE":39,"CHICKEN_SPAWN_EGG":40},"incomeEgg":{},"open":false,"protect":[],"homeCool":0},"Silk_Road":{"uuid":"110c3289-069b-4136-a9f5-69489450b60a","leader":null,"home":8897,"spawn":[7096.0,85.0,1400.0],"color":[247,102,22],"perms":{"INTERACT":[0],"BUILD":[0],"DESTROY":[0],"CHESTS":[0],"USE_ITEMS":[0],"INCOME":[0]},"residents":[],"officers":[],"claimsBonus":0,"claimsAnnexed":0,"claimsPenalty":[0,0],"territories":[9217,9218,9219,9220,9221,9222,9223,9224,9225,9625,8989,8990,8991,8992,9632,9121,9006,9007,9008,9009,9010,9011,8884,8885,8886,8887,8888,8889,8890,8891,8892,8893,8894,8897,8901,8902,8903,8904,8906,8907,8908,8909,8920,8921,9440,9056,8928,8930,8931,8932,8933,8934,8820,9076],"annexed":[],"captured":[],"outpost":{},"allies":[],"enemies":["Lhasa","Bongobong","Delhi","Baghdad","Long_Biên","Anuradhapura","Nasirpur","Chang'an","Kashgar","Trebizund","Aksum","Makkah","Samarkand","Baku","Goa","Vaishali","Busan","Anbei","Kalasin","Vyādhapūra","Pyongyang","Djibouti"],"income":{},"incomeEgg":{},"open":false,"protect":[],"homeCool":0},"Vyādhapūra":{"uuid":"8168edc2-8a75-479e-ae07-5ea5a0b45b48","leader":"10238270-81af-4c22-b7f5-4a490ddba645","home":8814,"spawn":[6143.040979990688,107.0,3275.3515748233144],"color":[46,209,82],"perms":{"INTERACT":[0],"BUILD":[0],"DESTROY":[0],"CHESTS":[0],"USE_ITEMS":[0],"INCOME":[0]},"residents":["51bc7c33-419c-4886-bab6-6974087c4d1b","18af62b3-a845-4659-aae3-b33924a2bef8","921549ae-a0ca-4170-b51a-36140e63b07b","0ce8bfd5-f393-4ea6-a4fb-fb1e38711ecb","fffda93f-458a-4e86-8348-9a54ef57b44d","d82a2242-4b63-4b93-b447-830edd091b10","10238270-81af-4c22-b7f5-4a490ddba645","58870fea-6ef6-4122-a074-4b16d0c98f2e","2af97cab-1478-4a52-a00f-89021be35508"],"officers":["51bc7c33-419c-4886-bab6-6974087c4d1b","fffda93f-458a-4e86-8348-9a54ef57b44d","2af97cab-1478-4a52-a00f-89021be35508"],"claimsBonus":0,"claimsAnnexed":0,"claimsPenalty":[0,0],"territories":[9059,9060,9061,9062,9382,9063,9384,9065,9386,9066,9068,9420,8814,9629],"annexed":[],"captured":[9056,9121,8820],"outpost":{},"allies":["Tatmadaw","Lhasa","Anuradhapura","Aspahan","Chang'an","Kashgar","Aksum","Samarkand","Derbent","Yasodharapura","Goa","Sungai_Petani","Busan","Anbei","Djibouti","Pyongyang"],"enemies":["Silk_Road"],"income":{"IRON_ORE":20,"JUNGLE_LOG":40,"ACACIA_LOG":80,"SUGAR_CANE":20,"BASALT":80,"APPLE":20,"GOLD_INGOT":10,"COD":20,"CHICKEN_SPAWN_EGG":20,"PIG_SPAWN_EGG":20,"CARROT":20,"BEETROOT":20,"BLACKSTONE":80},"incomeEgg":{},"open":false,"protect":[],"homeCool":0},"Aksum":{"uuid":"339820a0-db7c-408f-823d-d333ccc4ca75","leader":"4b735847-b7f9-4796-b014-e0a93469e9f7","home":8837,"spawn":[463.88250225598307,95.0,3494.0407253869184],"color":[220,189,171],"perms":{"INTERACT":[0],"BUILD":[0],"DESTROY":[0],"CHESTS":[0],"USE_ITEMS":[0],"INCOME":[0]},"residents":["71624331-a2f1-4703-a49c-a38e4a2fc25c","b3e8e529-09f1-4a05-9d8c-ada28d7fb175","2289d6cb-f76c-49c1-a442-453ea72a1448","c6aebf6f-7bb2-418c-a6f3-3645341bbe67","4b735847-b7f9-4796-b014-e0a93469e9f7","e42e0598-1e1d-4b12-9870-a3e7a537c230","5dc57c93-f3f5-4ff9-9338-60cb1c469a32","293a25ed-73c1-44bb-9487-fa33eb6a0b8d"],"officers":["b3e8e529-09f1-4a05-9d8c-ada28d7fb175","2289d6cb-f76c-49c1-a442-453ea72a1448","5dc57c93-f3f5-4ff9-9338-60cb1c469a32"],"claimsBonus":0,"claimsAnnexed":0,"claimsPenalty":[0,0],"territories":[9092,8837,9093,9077,9078,9082,9099,9084,9100,9101,9087],"annexed":[],"captured":[9076],"outpost":{},"allies":["Tatmadaw","Lhasa","Yasodharapura","Kalasin","Vyādhapūra"],"enemies":["Silk_Road"],"income":{"CLAY":648,"BASALT":136,"SCUTE":9,"COAL":36,"GOLD_INGOT":9,"WHEAT":24,"FLINT":126,"GLISTERING_MELON_SLICE":9,"COW_SPAWN_EGG":40,"POTATO":76,"QUARTZ":78,"RABBIT_FOOT":9,"BLACKSTONE":472},"incomeEgg":{},"open":false,"protect":[[366,99,3443],[364,99,3444],[365,99,3443],[363,99,3444],[364,99,3443],[362,99,3444],[361,99,3444],[355,99,3444],[354,99,3444],[353,99,3444],[352,99,3444],[352,99,3443],[351,99,3443],[350,99,3443],[363,98,3446],[366,98,3443],[362,98,3446],[365,98,3443],[366,100,3443],[360,98,3446],[364,100,3444],[365,100,3443],[359,98,3446],[364,100,3443],[363,100,3443],[357,98,3446],[362,100,3443],[356,98,3446],[361,100,3443],[354,98,3446],[353,98,3446],[355,100,3443],[354,100,3443],[353,100,3443],[352,100,3444],[351,98,3443],[352,100,3443],[350,98,3443],[351,100,3443],[350,100,3443]],"homeCool":0},"Delhi":{"uuid":"893d0b3f-628c-4551-9582-2ea4f9356eeb","leader":"814805e4-158f-40fb-a46f-c431fcb1c951","home":9631,"spawn":[3692.305336852473,86.0,2032.099492411658],"color":[32,73,12],"perms":{"INTERACT":[0],"BUILD":[0],"DESTROY":[0],"CHESTS":[0],"USE_ITEMS":[0],"INCOME":[0]},"residents":["8ce33205-4c4b-4db7-ae4c-23820ed92e6c","305362ed-faf9-4754-917d-f6c094032b4f","8bf6ccf8-af3d-4a2f-bc38-24cb7c37849d","814805e4-158f-40fb-a46f-c431fcb1c951","bc11f361-00c6-4b90-abb5-5f843bc1cd7f","1b20019a-ca40-4aa4-9cc5-51416caef10e","7a616bb8-1ea3-4d59-85ec-29cf07790cd7"],"officers":["8ce33205-4c4b-4db7-ae4c-23820ed92e6c","305362ed-faf9-4754-917d-f6c094032b4f","8bf6ccf8-af3d-4a2f-bc38-24cb7c37849d","bc11f361-00c6-4b90-abb5-5f843bc1cd7f","1b20019a-ca40-4aa4-9cc5-51416caef10e","7a616bb8-1ea3-4d59-85ec-29cf07790cd7"],"claimsBonus":0,"claimsAnnexed":0,"claimsPenalty":[0,0],"territories":[9312,9344,9313,9345,9328,9329,9394,9332,9333,9399,9401,9402,9403,9631,9343],"annexed":[],"captured":[9219,9220,9221],"outpost":{},"allies":["Lhasa","Kashgar","Samarkand","Anuradhapura"],"enemies":["Silk_Road"],"income":{"IRON_ORE":40,"SUGAR_CANE":6,"CLAY":576,"COAL":75,"GOLD_INGOT":30,"WHEAT":6,"LEATHER":4,"COD":20,"SHEEP_SPAWN_EGG":40,"CARROT":6,"QUARTZ":4,"BEETROOT":6},"incomeEgg":{},"open":false,"protect":[[3692,87,2028],[3693,87,2028],[3692,86,2028],[3693,86,2028],[3692,81,2025],[3694,86,2028],[3692,81,2026],[3692,80,2025],[3697,87,2028],[3692,80,2026],[3697,87,2029],[3697,86,2028],[3697,86,2029],[3697,87,2031],[3697,87,2032],[3697,86,2031],[3697,87,2033],[3697,86,2032],[3697,87,2034],[3697,86,2033],[3697,86,2034],[3697,86,2035]],"homeCool":0},"Chang'an":{"uuid":"43b8889a-b37e-4681-acad-9823cb87dec4","leader":"57b06dac-bf76-4239-a90f-2e09de78b884","home":8835,"spawn":[6168.070199440572,79.0,1467.5969775031556],"color":[255,0,0],"perms":{"INTERACT":[0],"BUILD":[0],"DESTROY":[0],"CHESTS":[0],"USE_ITEMS":[0],"INCOME":[0]},"residents":["83e8d866-d8ce-4e21-826d-d25b3a23c1b4","b0b476c2-a145-4167-a2a0-48c3cf52e1a0","6f8212b4-7032-4210-ac02-1ac1906998fb","c6841b2a-d3cc-4574-a478-87c5e7695e07","b26f64d3-6f07-4136-a904-c45cb415cdc6","d62f0c10-cc27-4cd1-b7f7-d8391e39bf36","409d0162-64f3-40d5-ae86-fbc2b3fba56c","5c365251-5683-4c05-89dd-384fef7b1a03","b6aa1123-6b77-49e6-9bea-98d93137d9d2","0ad803c3-1865-46fd-997a-821610e88c54","44c91815-b08f-4bf7-86fe-dda7e88391ab","4287cb7f-b360-4722-9184-33b6e205d790","42df987c-b4d7-4474-8b6c-08035e87f0f7","45e4afad-4b79-47b1-86e2-08e655145971","30fcb841-ea13-4847-9397-5cd40719ad11","aadbb5b8-7844-4705-b3eb-6059a59e63ed","4b31665c-d19d-428a-a48f-180e9b5cb9c3","57b06dac-bf76-4239-a90f-2e09de78b884","32f89b96-29ee-4640-b29f-1fb912557783","e9a2e169-2878-4c85-8231-319915bfeb96","888fbdeb-3d93-4010-8b4d-43e99f1e0eaa","038bdfec-d5f2-4d00-9c3b-369262390c7f","23899c58-bd7a-426b-9f71-152d3515b672","126db69f-4f8f-417f-918e-2e1a75771b9c","591f1098-1306-4e75-9f6a-ff4f995b5837","735bf306-7f95-4375-8cae-270d321d3ffc"],"officers":["32f89b96-29ee-4640-b29f-1fb912557783","83e8d866-d8ce-4e21-826d-d25b3a23c1b4","30fcb841-ea13-4847-9397-5cd40719ad11","44c91815-b08f-4bf7-86fe-dda7e88391ab","6f8212b4-7032-4210-ac02-1ac1906998fb","d62f0c10-cc27-4cd1-b7f7-d8391e39bf36"],"claimsBonus":0,"claimsAnnexed":0,"claimsPenalty":[0,0],"territories":[9472,9473,8898,9474,8835,8899,9476,8905,9482,8914,8916,9495,8983,8984,9437,9501,9502,9441,8994,9507,8995,9443,9444,9446,9447,9448,9450,9451,9005,9456,9458,9590,9469],"annexed":[],"captured":[9440,8992,8897,9009,9011,8901,8902,8903,8906,8907,8908,8909],"outpost":{},"allies":["Kalasin","Vyādhapūra"],"enemies":["Tatmadaw","Bongobong","Makkah","Samarkand","Yasodharapura","Baghdad","Silk_Road"],"income":{"ANDESITE":24,"GRAVEL":16,"IRON_ORE":43,"OAK_LOG":8,"SPRUCE_LOG":112,"SUGAR_CANE":28,"SCUTE":105,"COAL":6,"GOLD_INGOT":31,"LEATHER":4,"COD":4,"GLISTERING_MELON_SLICE":75,"CHICKEN_SPAWN_EGG":4,"HORSE_SPAWN_EGG":4,"POTATO":34,"QUARTZ":30,"RABBIT_FOOT":90,"BEETROOT":30},"incomeEgg":{},"open":false,"protect":[[6166,80,1458],[6162,80,1462],[6167,80,1458],[6168,80,1458],[6169,80,1458],[6161,80,1466],[6170,80,1458],[6162,80,1466],[6171,80,1458],[6172,80,1458],[6163,80,1458],[6164,80,1458],[6165,80,1458],[6161,80,1462],[6173,79,1466],[6174,79,1466],[6173,79,1462],[6174,79,1462],[6165,79,1458],[6161,79,1462],[6166,79,1458],[6162,79,1462],[6132,90,1975],[6167,79,1458],[6168,79,1458],[6169,79,1458],[6161,79,1466],[6170,79,1458],[6162,79,1466],[6171,79,1458],[6172,79,1458],[6160,91,1468],[6162,87,1462],[6163,79,1458],[6164,79,1458],[6173,80,1459],[6174,80,1459],[6173,80,1463],[6174,80,1463],[6161,80,1463],[6162,80,1463],[6162,80,1467],[6161,80,1459],[6162,80,1459],[6173,79,1459],[6174,79,1459],[6173,79,1463],[6174,79,1463],[6161,79,1463],[6543,102,985],[6162,79,1463],[6542,102,985],[6163,90,1757],[6541,102,985],[6164,90,1757],[6161,79,1467],[6162,79,1467],[6160,91,1469],[6165,90,1757],[6161,79,1459],[6166,90,1757],[6162,79,1459],[6173,80,1460],[6174,80,1460],[6173,80,1464],[6174,80,1464],[6161,91,1758],[6161,80,1464],[6162,91,1758],[6162,80,1464],[6161,80,1460],[6162,80,1460],[6173,79,1460],[6174,79,1460],[6173,79,1464],[6174,79,1464],[6161,79,1464],[6162,79,1464],[6163,90,1758],[6164,90,1758],[6165,90,1758],[6161,79,1460],[6166,90,1758],[6162,79,1460],[6171,80,1469],[6172,80,1469],[6173,80,1469],[6163,80,1469],[6164,80,1469],[6173,80,1461],[6165,80,1469],[6174,80,1461],[6166,80,1469],[6167,80,1469],[6168,80,1469],[6173,80,1465],[6169,80,1469],[6174,80,1465],[6170,80,1469],[6167,80,1457],[6168,80,1457],[6169,80,1457],[6161,80,1465],[6170,80,1457],[6162,80,1465],[6171,80,1457],[6172,80,1457],[6162,80,1469],[6163,80,1457],[6164,80,1457],[6165,80,1457],[6161,80,1461],[6166,80,1457],[6162,80,1461],[6174,79,1465],[6170,79,1469],[6171,79,1469],[6172,79,1469],[6173,79,1469],[6162,79,1469],[6163,79,1469],[6164,79,1469],[6173,79,1461],[6165,79,1469],[6174,79,1461],[6166,79,1469],[6167,79,1469],[6168,79,1469],[6173,79,1465],[6169,79,1469],[6166,79,1457],[6162,79,1461],[6167,79,1457],[6168,79,1457],[6169,79,1457],[6161,79,1465],[6170,79,1457],[6162,79,1465],[6171,79,1457],[6172,79,1457],[6162,87,1461],[6163,79,1457],[6164,79,1457],[6165,79,1457],[6161,79,1461],[6174,80,1466],[6173,80,1462],[6174,80,1462],[6173,80,1466]],"homeCool":0},"Aspahan":{"uuid":"88e16c79-973d-416c-bea7-38c11b4e2dae","leader":"7c0199e0-efb5-4c74-876d-2e3ecc7c15e8","home":9115,"spawn":[1318.335824409019,126.0,1515.6837301606304],"color":[229,208,24],"perms":{"INTERACT":[0],"BUILD":[0],"DESTROY":[0],"CHESTS":[0],"USE_ITEMS":[0],"INCOME":[0]},"residents":["cbe20db1-7c28-40e3-b1c6-9b14994408aa","cda28065-3a4a-43fc-bc85-0a7cbfda2e54","61c4da3d-11f4-488f-aded-fdf9355ea46e","7c0199e0-efb5-4c74-876d-2e3ecc7c15e8","2d2e3c5a-2486-4c31-b3a0-9ff944ee088c","bf4952ec-1425-4404-accf-7f17b7acf0b8","8de39e83-0b2e-4a92-84bc-3ca4a6ad2411","729d612b-c567-458a-b6d8-806a6a5b372b","2c6259be-7895-4e7d-9abf-75fc0a182375"],"officers":["cbe20db1-7c28-40e3-b1c6-9b14994408aa","8de39e83-0b2e-4a92-84bc-3ca4a6ad2411","2d2e3c5a-2486-4c31-b3a0-9ff944ee088c","729d612b-c567-458a-b6d8-806a6a5b372b","2c6259be-7895-4e7d-9abf-75fc0a182375"],"claimsBonus":0,"claimsAnnexed":0,"claimsPenalty":[0,0],"territories":[9162,9103,9105,9107,9109,9110,9111,9112,9113,9241,9114,9115,9117],"annexed":[],"captured":[],"outpost":{},"allies":["Lhasa","Trebizund","Derbent","Kalasin","Vyādhapūra"],"enemies":[],"income":{"DIORITE":576,"ANDESITE":72,"IRON_ORE":18,"CLAY":576,"COAL":54,"GOLD_INGOT":9,"LEATHER":18,"CHICKEN_SPAWN_EGG":18,"HORSE_SPAWN_EGG":18,"QUARTZ":18},"incomeEgg":{},"open":false,"protect":[[1323,127,1521],[1323,127,1520]],"homeCool":0},"Pyongyang":{"uuid":"6f10a5f1-70d5-4259-8df8-c033a3e4f37d","leader":"5aff36f4-8423-4274-b838-332952f9addf","home":8827,"spawn":[7915.496773517352,89.0,685.5305594516475],"color":[135,0,21],"perms":{"INTERACT":[0,1,4],"BUILD":[0,4],"DESTROY":[0,4],"CHESTS":[0,4],"USE_ITEMS":[0,1,2,4],"INCOME":[4]},"residents":["2eb98902-eda7-49ff-9c65-88ffc6c91f80","dc97c199-57d7-45af-b742-56dcc464195c","8d10fa18-fb70-40a2-a54a-c424cc85dc02","e8b9580b-a83c-462b-ad00-59c0862f279e","153fe04f-27b0-486c-adcf-cdc5d58f13cc","54d0b24f-253a-4986-9624-c306f8b06a26","5aff36f4-8423-4274-b838-332952f9addf","774a53f4-eb95-49e7-a38c-b5ff15755775"],"officers":["2eb98902-eda7-49ff-9c65-88ffc6c91f80","153fe04f-27b0-486c-adcf-cdc5d58f13cc","54d0b24f-253a-4986-9624-c306f8b06a26"],"claimsBonus":0,"claimsAnnexed":0,"claimsPenalty":[0,0],"territories":[9585,8834,8824,9497,9498,8826,8827,9499,8828],"annexed":[],"captured":[],"outpost":{},"allies":["Lhasa","Kalasin","Vyādhapūra"],"enemies":["Silk_Road"],"income":{"BAMBOO":28,"COAL":18,"GOLD_INGOT":6,"COD":28,"INK_SAC":24,"CHICKEN_SPAWN_EGG":28,"CARROT":28,"QUARTZ":12},"incomeEgg":{},"open":false,"protect":[],"homeCool":0},"Anuradhapura":{"uuid":"58932537-824a-42ee-b97c-9266a5ce397f","leader":"cb75d153-bddd-438e-ab57-40530d628bcd","home":8789,"spawn":[3829.256434748265,83.0,3716.246303911416],"color":[15,246,204],"perms":{"INTERACT":[0],"BUILD":[0],"DESTROY":[0],"CHESTS":[0],"USE_ITEMS":[0],"INCOME":[0]},"residents":["39f9d3a9-8b75-415c-bfed-a955c15929ea","c6860782-23e8-4c14-9b52-28076083883c","f5e745aa-083c-4000-bb05-a605a809688d","c4433921-5a56-4a5d-9138-32acb3eb5a51","cb75d153-bddd-438e-ab57-40530d628bcd","10b6b85b-098e-44f0-8a9b-da3248c39ec6","0093555c-a3e8-41a0-b58a-a0f1404625f5"],"officers":["f5e745aa-083c-4000-bb05-a605a809688d","c4433921-5a56-4a5d-9138-32acb3eb5a51"],"claimsBonus":0,"claimsAnnexed":0,"claimsPenalty":[0,0],"territories":[9168,9171,8789,8790,9174,9175,9164,9165,9486,9167],"annexed":[],"captured":[],"outpost":{},"allies":["Lhasa","Samarkand","Delhi","Vaishali","Kalasin","Vyādhapūra"],"enemies":["Bombaj","Silk_Road"],"income":{"IRON_ORE":7,"JUNGLE_LOG":16,"SUGAR_CANE":8,"BAMBOO":2,"SCUTE":1,"COAL":9,"GOLD_INGOT":1,"COD":26,"GLISTERING_MELON_SLICE":1,"SHEEP_SPAWN_EGG":2,"CARROT":26,"RABBIT_FOOT":1},"incomeEgg":{},"open":false,"protect":[],"homeCool":0},"Derbent":{"uuid":"718984ef-5519-44fa-b2e1-f21ae3ef19a7","leader":"9f780f8e-c93a-4b7f-b7e4-e9e12b5ef863","home":8796,"spawn":[749.879657018776,85.0,214.60786125247955],"color":[104,50,229],"perms":{"INTERACT":[0],"BUILD":[0],"DESTROY":[0],"CHESTS":[0],"USE_ITEMS":[0],"INCOME":[0]},"residents":["dde98725-20ce-4aae-ad2c-7bee8a0164aa","94e365b8-e91b-47de-b7ae-331f4e912f57","8cb344e2-a5df-4d0a-bc64-d267de9d1973","9f780f8e-c93a-4b7f-b7e4-e9e12b5ef863","a6df781c-fa5c-4720-82df-edbf8aac3a2c"],"officers":["dde98725-20ce-4aae-ad2c-7bee8a0164aa","a6df781c-fa5c-4720-82df-edbf8aac3a2c"],"claimsBonus":0,"claimsAnnexed":0,"claimsPenalty":[0,0],"territories":[8961,8951,8952,8955,8796,8957,8958],"annexed":[],"captured":[],"outpost":{},"allies":["Kashgar","Kalasin","Vyādhapūra","Aspahan"],"enemies":[],"income":{"GRAVEL":176,"IRON_ORE":1,"CLAY":320,"COAL":57,"GOLD_INGOT":45,"WHEAT":78,"CHICKEN_SPAWN_EGG":40},"incomeEgg":{},"open":false,"protect":[],"homeCool":0},"Busan":{"uuid":"2314e710-bf36-48cc-81ff-3ebe3304be21","leader":"36ac2b51-af99-425b-bd57-cb70172248a8","home":8821,"spawn":[8049.477596030177,83.0,1314.144215648219],"color":[23,150,101],"perms":{"INTERACT":[0],"BUILD":[0],"DESTROY":[0],"CHESTS":[0],"USE_ITEMS":[0],"INCOME":[0]},"residents":["36ac2b51-af99-425b-bd57-cb70172248a8","94d1647e-3d61-4099-a204-85c40e4e3f0b","38f3c97c-69a3-429b-915a-3acacc2fc5df","1d6a472f-4d96-462f-826e-73a04d29f6b5"],"officers":["94d1647e-3d61-4099-a204-85c40e4e3f0b"],"claimsBonus":0,"claimsAnnexed":0,"claimsPenalty":[0,0],"territories":[8825,8821,8822,8823],"annexed":[],"captured":[],"outpost":{},"allies":["Lhasa","Kalasin","Vyādhapūra"],"enemies":["Silk_Road"],"income":{"IRON_ORE":7,"OAK_LOG":112,"SCUTE":7,"GOLD_INGOT":7,"COD":14,"GLISTERING_MELON_SLICE":28,"RABBIT_FOOT":7,"BEETROOT":56},"incomeEgg":{},"open":false,"protect":[],"homeCool":0},"Kashgar":{"uuid":"0ac0a20a-ca3b-4fbb-b8c6-cd5f77d88f99","leader":"f2acb486-ebe0-43ee-863f-7ea81c3af433","home":8799,"spawn":[3832.9789647128327,89.0,724.2574903192652],"color":[163,34,245],"perms":{"INTERACT":[0],"BUILD":[0],"DESTROY":[0],"CHESTS":[0],"USE_ITEMS":[0],"INCOME":[0]},"residents":["37e5eb63-b9a2-4735-9007-1c77d703daa3","63c60b41-e958-4419-b4f7-59d16995a6f0","d5aa8922-5548-4044-bcd8-47bef2eb30ac","2e45d298-e615-4e04-a00d-3dfb7c84ea38","8d1ec976-55b3-45a4-949a-99db4e245a32","fd603e6b-6627-4b94-a117-c4597143069f","740a2628-fbc9-4f4d-89bb-34ac584cdc50","4222a589-1ad9-400a-9f55-26ca8cb3dbf9","2da12b1d-df42-4789-a7f6-930c5c2d600e","c57f9c79-4b21-45c0-bc43-d7e4a3d02f41","85c0c8a3-b207-481b-9bce-e51554519ba4","5dcde913-d95a-440f-b612-c6813e319bba","d450f9f9-c814-4097-8ce7-1004c6c4d2b8","ccdeb491-33b8-4848-bf81-010d8a84ff61","b734830a-8343-4221-9afe-1833d3540c3d","57c7ac55-12fe-451d-9448-6e3ee54ddb13","7c43c8cf-1a6e-4a84-ae97-bab92be9c198","f2acb486-ebe0-43ee-863f-7ea81c3af433","bde20d9e-cd8a-4bf7-a51f-ebb33a7676c0","d287efb0-e8d6-4c22-aafd-5a9cd9858598"],"officers":["37e5eb63-b9a2-4735-9007-1c77d703daa3","63c60b41-e958-4419-b4f7-59d16995a6f0","2da12b1d-df42-4789-a7f6-930c5c2d600e"],"claimsBonus":0,"claimsAnnexed":0,"claimsPenalty":[0,0],"territories":[8800,9536,8801,8865,9537,8802,9539,8803,8804,9540,9546,8845,9518,9519,9520,8882,8883,9555,9556,8948,9531,9532,9533,8799],"annexed":[],"captured":[8884,8904,8890,8891,8892,8893],"outpost":{},"allies":["Lhasa","Samarkand","Derbent","Delhi","Vaishali","Kalasin","Vyādhapūra"],"enemies":["Silk_Road"],"income":{"GRANITE":64,"ANDESITE":16,"GRAVEL":16,"IRON_ORE":17,"OAK_LOG":8,"SANDSTONE":320,"CLAY":128,"SCUTE":3,"COAL":9,"GOLD_INGOT":1,"STICK":1,"FEATHER":6,"COD":4,"GLISTERING_MELON_SLICE":4,"COW_SPAWN_EGG":4,"HORSE_SPAWN_EGG":4,"PIG_SPAWN_EGG":4,"SHEEP_SPAWN_EGG":4,"QUARTZ":8,"RABBIT_FOOT":2},"incomeEgg":{},"open":false,"protect":[],"homeCool":0},"Baghdad":{"uuid":"1d79d222-7f25-4d41-bbef-e7e36ada654e","leader":"f8adde90-5bd1-408a-b347-37209cc39f11","home":8942,"spawn":[603.4239653586556,84.0,1345.5536626549747],"color":[48,146,6],"perms":{"INTERACT":[0],"BUILD":[0],"DESTROY":[0],"CHESTS":[0],"USE_ITEMS":[0],"INCOME":[0]},"residents":["15a790b4-ec9f-4da5-9398-27c55e0290e7","8e6c7c00-72f5-4b89-bca8-23c9cdc0e610","f8adde90-5bd1-408a-b347-37209cc39f11","4ac92047-7a4a-43a6-b0e1-41023816d594","a60f9f2d-1f26-42b7-a8e7-dda80ed09267"],"officers":[],"claimsBonus":0,"claimsAnnexed":0,"claimsPenalty":[0,0],"territories":[9624,9104,9147,8941,8942,9158],"annexed":[],"captured":[],"outpost":{},"allies":["Lhasa","Linhuang","Baku"],"enemies":["Chang'an","Samarkand","Anbei","Trader","Silk_Road"],"income":{"IRON_ORE":1,"GOLD_INGOT":1,"WHEAT":4},"incomeEgg":{},"open":false,"protect":[],"homeCool":0},"Lhasa":{"uuid":"755f5b92-da4e-4d88-b841-054328900038","leader":"a9704526-acb1-4010-a442-f96debc49dbb","home":8846,"spawn":[4551.787013569787,158.0,1576.0822825362368],"color":[180,129,27],"perms":{"INTERACT":[0],"BUILD":[0],"DESTROY":[0],"CHESTS":[0],"USE_ITEMS":[0],"INCOME":[0]},"residents":["a9704526-acb1-4010-a442-f96debc49dbb","d414be49-0b0e-4171-a24e-f73684f03ced","09fd5e88-f04f-4179-bbc3-a8ea8088040a","7caf1636-bc33-481c-ac0a-916fc2883250","e5232985-13b9-4af8-b0bb-46474eaddafa","a90ec2fd-07e5-4877-b32c-44b41b706e26","cfdb060e-8c77-4c35-8ddf-a62f7f1fafc9","289b1bac-4558-489d-af1e-64c32a897e17","5a2376ef-0ce2-4bab-9d63-db88db51e1cb","5354bdd4-2ab2-4fb6-98ad-464e90bf37ce","f295197f-e78a-497a-b8bf-8bcfa460bff0","a356f0d7-49ab-4a05-b25f-f8d6c8c3805f","c619d64e-ec24-4059-9e86-fb5a724e9cc7"],"officers":["cfdb060e-8c77-4c35-8ddf-a62f7f1fafc9","289b1bac-4558-489d-af1e-64c32a897e17","5354bdd4-2ab2-4fb6-98ad-464e90bf37ce","d414be49-0b0e-4171-a24e-f73684f03ced","09fd5e88-f04f-4179-bbc3-a8ea8088040a","a356f0d7-49ab-4a05-b25f-f8d6c8c3805f","f295197f-e78a-497a-b8bf-8bcfa460bff0","7caf1636-bc33-481c-ac0a-916fc2883250","c619d64e-ec24-4059-9e86-fb5a724e9cc7","a90ec2fd-07e5-4877-b32c-44b41b706e26"],"claimsBonus":0,"claimsAnnexed":0,"claimsPenalty":[0,0],"territories":[9408,9480,9481,9483,9484,9485,8846,9297,9393,9395,9397,9334,9335,9336,9337,9338,9404,9340,9468,9405,9342],"annexed":[],"captured":[8894],"outpost":{},"allies":["Tatmadaw","Bongobong","Baghdad","Delhi","Anuradhapura","Aspahan","Kashgar","Makkah","Aksum","Samarkand","Yasodharapura","Goa","Vaishali","Busan","Kalasin","Vyādhapūra","Djibouti","Pyongyang"],"enemies":["Silk_Road"],"income":{"GRANITE":192,"IRON_ORE":92,"OAK_LOG":20,"TERRACOTTA":192,"CHICKEN_SPAWN_EGG":6,"QUARTZ":134},"incomeEgg":{},"open":false,"protect":[],"homeCool":0},"Goa":{"uuid":"2d3853b3-d02c-4fbe-bc36-3c24bf06e794","leader":"2d4e0968-232d-430e-b74e-9955c0fcac59","home":8791,"spawn":[3365.742611302428,105.0,3129.578366149027],"color":[85,46,156],"perms":{"INTERACT":[0],"BUILD":[0],"DESTROY":[0],"CHESTS":[0],"USE_ITEMS":[0],"INCOME":[0]},"residents":["53aaa26b-3ba1-42e1-a2b8-8fd7b95f5761","a34a2d36-01ed-4836-a5a9-eba4c292574e","94e667a5-1cc5-4fd9-8809-3a2b1552df56","312d3d3d-2110-40a1-83ce-396aa00c38d3","2d4e0968-232d-430e-b74e-9955c0fcac59"],"officers":["312d3d3d-2110-40a1-83ce-396aa00c38d3"],"claimsBonus":0,"claimsAnnexed":0,"claimsPenalty":[0,0],"territories":[9185,9170,9186,9187,9188,9172,8791,9323,9163],"annexed":[],"captured":[],"outpost":{},"allies":["Tatmadaw","Lhasa","Yasodharapura","Kalasin","Vyādhapūra"],"enemies":["Silk_Road"],"income":{"IRON_ORE":54,"BAMBOO":168,"SCUTE":1,"COAL":3,"GOLD_INGOT":42,"COD":52,"GLISTERING_MELON_SLICE":1,"RABBIT_FOOT":1,"BEETROOT":76,"BLACKSTONE":16},"incomeEgg":{},"open":false,"protect":[],"homeCool":0},"Samarkand":{"uuid":"03d83f7e-e8a0-4e8d-8577-da21a909c261","leader":"5a5db5df-7059-4b48-ba87-b92f099aa019","home":8833,"spawn":[2745.3884633413304,90.0,912.7632341560869],"color":[128,222,199],"perms":{"INTERACT":[0,1],"BUILD":[0,1],"DESTROY":[0,1],"CHESTS":[0,1],"USE_ITEMS":[0,1],"INCOME":[0,1]},"residents":["10be0c9a-37e1-4a81-b24f-4fcd1c604de6","8932af2c-0b18-4b5d-9ec8-d9cbd074b3cd","227c28c0-8d42-4c15-a7c8-308a0366912c","ecb1dfa6-1680-461e-bb17-6aa93558abaa","20950399-f391-4304-9be1-2b8b3bc17357","857b50b3-ae3d-4723-a05b-12e61bfa7777","799eb33a-3b75-4962-9255-de6e87d0273f","6fae2af7-0503-43be-9c93-cb5d36c494e6","dfd7eed0-147e-4944-a26e-987ef06efa0b","4c761fe2-beb5-4157-bed8-5c7fb29c70e0","a79bc20a-da62-4dac-b422-928d6519d3c6","b6128cb7-fe4a-40fe-90bb-364ef2966b02","31d4ee42-1934-4f85-b529-96ba139286f7","d1de6e92-6a6e-42ec-b390-3b9cc3513d66","a84174c3-28c0-441b-a3c6-a24c0e340e91","9bd4a3d3-1af9-4eea-ad1e-e15adfa78600","5a5db5df-7059-4b48-ba87-b92f099aa019","15369d37-c87a-49d4-baeb-c8e4a19fda27","c1db1ef1-69a7-4aa8-b4b6-be37c4c2b59c","5ef6fcc3-0b89-4422-b6df-79a0d25ee2a4","0053da71-a366-4a43-9179-e737fc961244","17fd0bb9-b89e-475c-8e31-48272b7e2f93","91198a73-0cd4-4e05-aed4-468b79b13bab"],"officers":["91198a73-0cd4-4e05-aed4-468b79b13bab","a79bc20a-da62-4dac-b422-928d6519d3c6"],"claimsBonus":0,"claimsAnnexed":0,"claimsPenalty":[0,0],"territories":[9280,8833,9281,9283,9285,9227,9229,9230,9231,9232,8922,8923,9244,9245,8926,8927,9247,9248,9195,9261,9263,9264,9266,9267,9268,9269,9270,9274,9275,9278,9279],"annexed":[],"captured":[8928,8930,8920,8921],"outpost":{},"allies":["Tatmadaw","Lhasa","Kashgar","Delhi","Yasodharapura","Vaishali","Anuradhapura","Kalasin","Vyādhapūra"],"enemies":["Chang'an","Bongobong","Makkah","Baghdad","Anbei","Silk_Road"],"income":{"GRAVEL":48,"IRON_ORE":15,"OAK_LOG":12,"SCUTE":9,"COAL":15,"GOLD_INGOT":11,"FEATHER":2,"WHEAT":8,"COD":6,"LAPIS_LAZULI":8,"GLISTERING_MELON_SLICE":6,"CHICKEN_SPAWN_EGG":2,"POTATO":6,"QUARTZ":12,"RABBIT_FOOT":6},"incomeEgg":{},"open":false,"protect":[],"homeCool":0},"Tatmadaw":{"uuid":"fdfa597d-92f3-482e-b5e1-52832386503e","leader":"de80a0df-c0fe-4194-81e7-9eafd6b65d2f","home":8836,"spawn":[5045.964070286885,120.0,2554.3528439941592],"color":[11,11,28],"perms":{"INTERACT":[0],"BUILD":[0],"DESTROY":[0],"CHESTS":[0],"USE_ITEMS":[0],"INCOME":[0]},"residents":["68490439-852c-4a44-b68c-4968c061639d","3db32708-1a6e-47f5-ad5e-5360dd57115a","de80a0df-c0fe-4194-81e7-9eafd6b65d2f","94eefb7e-06d2-4d3f-90f5-a44defa27c72","50cd0edf-f67c-44d7-8bd2-08e2da62a41e","e74dd2f0-94c2-449c-be19-7c6913027a87","a3511488-9644-4413-a992-46f4216356cd","5dc00fbe-bb13-4150-b677-66dc3625f074","7e21bf83-8041-4424-874e-9551ae023ddd","42e4a577-ea07-4120-beed-ef06788aa82c","f501a590-3133-4727-ba8f-bee66e4d401b","6963db08-561e-462b-879d-103d715758d5"],"officers":["68490439-852c-4a44-b68c-4968c061639d","3db32708-1a6e-47f5-ad5e-5360dd57115a","a3511488-9644-4413-a992-46f4216356cd","42e4a577-ea07-4120-beed-ef06788aa82c"],"claimsBonus":0,"claimsAnnexed":0,"claimsPenalty":[0,0],"territories":[8836,9415,8985,9289,9001,8986,9003,8988,9004],"annexed":[],"captured":[],"outpost":{},"allies":["Lhasa","Aksum","Samarkand","Goa","Kalasin","Djibouti","Vyādhapūra"],"enemies":["Chang'an","Anbei"],"income":{},"incomeEgg":{},"open":false,"protect":[],"homeCool":0},"Linhuang":{"uuid":"36c2986c-73c2-4722-bcc2-f69b2d753e91","leader":"d760437d-b9d6-4ee7-bd59-f048edb7f2d8","home":9612,"spawn":[7392.149305076713,84.0,268.08535502145406],"color":[80,32,40],"perms":{"INTERACT":[0],"BUILD":[0],"DESTROY":[0],"CHESTS":[0],"USE_ITEMS":[0],"INCOME":[0]},"residents":["d760437d-b9d6-4ee7-bd59-f048edb7f2d8","a6ddb182-0ceb-4f93-bdb3-42382653efed","df64eee5-80e2-4c55-8790-390e82a60cfb","4dab297d-2801-4746-930e-457d31439ae4","49453958-1776-4e91-9694-8a9c4a4cef89","4ed13434-93eb-426b-b16d-4db44fc305b3","90f9d411-fc2e-4f57-8a18-2b193f4558e9","d6f4c259-6d60-44a3-a3f6-7b0dc5ca1182","0ae81396-ba55-458c-ab3d-71a72c027c51"],"officers":["df64eee5-80e2-4c55-8790-390e82a60cfb"],"claimsBonus":0,"claimsAnnexed":0,"claimsPenalty":[0,0],"territories":[9620,9621,9622,9623,9607,9591,9496,9611,9612,9596,9597,9614],"annexed":[],"captured":[],"outpost":{},"allies":["Bongobong","Makkah","Baghdad"],"enemies":[],"income":{"GRAVEL":8,"IRON_ORE":6,"CLAY":960,"APPLE":12,"COAL":18,"GOLD_INGOT":12,"FLINT":24,"LEATHER":12,"COW_SPAWN_EGG":2,"HORSE_SPAWN_EGG":12,"PIG_SPAWN_EGG":12},"incomeEgg":{},"open":false,"protect":[],"homeCool":0},"Jalang":{"uuid":"491ed7bd-7fe4-47d4-a263-10f4a5b573e3","leader":"d6eb1b02-5b3e-4f3f-970b-87f0e055605d","home":8819,"spawn":[5657.650142883038,83.0,4399.416348796282],"color":[41,224,5],"perms":{"INTERACT":[0],"BUILD":[0],"DESTROY":[0],"CHESTS":[0],"USE_ITEMS":[0],"INCOME":[0]},"residents":["d6eb1b02-5b3e-4f3f-970b-87f0e055605d"],"officers":[],"claimsBonus":0,"claimsAnnexed":0,"claimsPenalty":[0,0],"territories":[8819,8839],"annexed":[],"captured":[],"outpost":{},"allies":[],"enemies":[],"income":{"GOLD_INGOT":38,"CARROT":76},"incomeEgg":{},"open":false,"protect":[],"homeCool":0},"Trebizund":{"uuid":"b56b84ce-e09e-40dd-a516-fd5594044eb5","leader":"05133a81-5176-4d94-b75e-6c67afa434be","home":8797,"spawn":[75.96546572132111,133.0,699.5327923327565],"color":[81,48,160],"perms":{"INTERACT":[0],"BUILD":[0],"DESTROY":[0],"CHESTS":[0],"USE_ITEMS":[0],"INCOME":[0]},"residents":["9b42801a-e814-416a-8737-d143c79613a5","05133a81-5176-4d94-b75e-6c67afa434be","397c2d73-41b9-479c-a3fd-73030e8122de","454275ad-2f55-4e33-bea6-1b3f3ee386e8","a1141983-8b1e-4d0b-a371-1b736681645d"],"officers":["9b42801a-e814-416a-8737-d143c79613a5","397c2d73-41b9-479c-a3fd-73030e8122de","a1141983-8b1e-4d0b-a371-1b736681645d"],"claimsBonus":0,"claimsAnnexed":0,"claimsPenalty":[0,0],"territories":[8944,8968,9153,8937,8972,8797],"annexed":[],"captured":[9632,8933,9625],"outpost":{},"allies":["Aspahan"],"enemies":["Silk_Road"],"income":{"IRON_ORE":2,"SCUTE":2,"GOLD_INGOT":2,"FLINT":8,"COD":4,"GLISTERING_MELON_SLICE":2,"CHICKEN_SPAWN_EGG":4,"RABBIT_FOOT":4},"incomeEgg":{},"open":false,"protect":[[193,94,775],[193,94,776]],"homeCool":0},"Long_Biên":{"uuid":"88aa5cb0-ddc8-4482-bf58-0059b79ad821","leader":"3a54eb0a-5581-4178-825b-18980574949d","home":9428,"spawn":[5993.198978764413,96.0,2580.802427594079],"color":[0,0,0],"perms":{"INTERACT":[0],"BUILD":[0],"DESTROY":[0],"CHESTS":[0],"USE_ITEMS":[0],"INCOME":[0]},"residents":["0e4da521-72ae-4566-aef6-d2d86dc7a60d","1e339ed7-7ced-4bd4-a79d-560eca3457d8","33e8ccd9-0241-4aac-9e6e-a80fbfebe052","ae8e8a42-8d55-46cc-9964-e3502b5095f6","bfa4cc23-e91e-401a-8a6d-eef58d11a5c3","36029af1-143d-4696-8f31-f5d84ac0f83a","3a54eb0a-5581-4178-825b-18980574949d","ab3dfd8f-056e-469a-b0f7-7f136033547c","4010b07a-3c32-4096-8483-c0f96ed2a2eb","4adc5d21-d95e-4602-9cbc-645dd61a9014","a17f1b93-338d-47f5-9b8a-ae853caa7683","bbc0d687-2467-4504-87b5-3d47f23fa1fc","ca89c059-15d5-4c89-a542-57cc724b801f","a95f558b-fe19-4e52-b343-2e6562b95e5c","3af67c1a-cad5-489a-a493-8904c8b9d391","c73d5bd8-014b-490b-ac33-4890a7f7b70f"],"officers":["ae8e8a42-8d55-46cc-9964-e3502b5095f6"],"claimsBonus":0,"claimsAnnexed":0,"claimsPenalty":[0,0],"territories":[9428,9431,9432,9064,9433,9434,9452,9453],"annexed":[],"captured":[8989,8990,8991],"outpost":{},"allies":[],"enemies":["Silk_Road"],"income":{"IRON_ORE":31,"SCUTE":12,"APPLE":36,"GOLD_INGOT":27,"LEATHER":65,"GLISTERING_MELON_SLICE":23,"PIG_SPAWN_EGG":38,"CARROT":36,"RABBIT_FOOT":28,"BEETROOT":85},"incomeEgg":{},"open":false,"protect":[[5999,96,2577],[5992,96,2576],[5973,111,2578],[5994,97,2576],[5994,96,2576],[5995,97,2576],[5995,96,2576],[5998,96,2574],[5996,96,2576],[5992,96,2572],[5994,96,2572],[5995,96,2572],[5992,96,2575],[5973,111,2577]],"homeCool":0},"Baku":{"uuid":"5919fec2-bc96-4078-8247-36cdd7a003a8","leader":"fe170b2e-aa77-4c6c-9a5a-e699d8b88e3b","home":8940,"spawn":[1226.856559398837,83.0,677.918174643172],"color":[225,6,0],"perms":{"INTERACT":[0],"BUILD":[0],"DESTROY":[0],"CHESTS":[0],"USE_ITEMS":[0],"INCOME":[0]},"residents":["8b564094-9c2e-40f7-be56-e00a85fefea9","c94e1e9b-6cb0-4db5-9b2d-b8261384060e","fe170b2e-aa77-4c6c-9a5a-e699d8b88e3b","63313034-bb4b-4eea-8dc8-c694bcd658dd","209212c4-e2be-4078-89d3-1360e2f14776","663df57d-3a6e-4c7e-8ef4-5e2f7c1c8340","602860e5-b0a4-40f3-858d-2b5116aba06a","51e10e93-ada6-424c-aa14-898b251d6ce3","9266d00e-94ef-423b-af6f-44370cfd7955","125851f5-0a30-4ac3-a191-a4d05399f26a","e9e0df5c-a74c-4952-aab2-7bfc297b07aa"],"officers":["125851f5-0a30-4ac3-a191-a4d05399f26a"],"claimsBonus":0,"claimsAnnexed":0,"claimsPenalty":[0,0],"territories":[8960,8962,8963,8964,8965,8966,8935,8967,8936,8969,8970,8939,8971,8940,8943,8953],"annexed":[],"captured":[],"outpost":{},"allies":["Bongobong","Makkah","Baghdad"],"enemies":["Silk_Road"],"income":{},"incomeEgg":{},"open":false,"protect":[[1219,83,672]],"homeCool":0},"Bretze":{"uuid":"29bded55-478e-44c1-8fa4-32727be73bd9","leader":"fe6d8003-5a83-4f0a-8755-9563c3b86707","home":9191,"spawn":[2939.5027812961457,83.0,2573.6680998396528],"color":[170,156,39],"perms":{"INTERACT":[0],"BUILD":[0],"DESTROY":[0],"CHESTS":[0],"USE_ITEMS":[0],"INCOME":[0]},"residents":["fe6d8003-5a83-4f0a-8755-9563c3b86707","863b6584-27da-416d-8710-b0d607d6f057"],"officers":["863b6584-27da-416d-8710-b0d607d6f057"],"claimsBonus":0,"claimsAnnexed":0,"claimsPenalty":[0,0],"territories":[9192,9193,9194,9325,9191],"annexed":[],"captured":[],"outpost":{},"allies":[],"enemies":[],"income":{"IRON_ORE":40,"SCUTE":19,"COAL":60,"COW_SPAWN_EGG":40},"incomeEgg":{},"open":false,"protect":[],"homeCool":0},"Djibouti":{"uuid":"8b17b387-8c16-477b-a491-ce569728806d","leader":"ac90564f-ee31-4b54-bf93-11b64e45d2be","home":8792,"spawn":[1324.3994447351317,83.0,3594.1632421326167],"color":[34,189,224],"perms":{"INTERACT":[0],"BUILD":[0],"DESTROY":[0],"CHESTS":[0],"USE_ITEMS":[0],"INCOME":[0]},"residents":["ac90564f-ee31-4b54-bf93-11b64e45d2be","18aedde3-cf0b-4c19-8310-d9335fde0f97","99f1a6e2-b3ae-4344-8c68-6c25405a1ba9","82f62f45-1b20-477a-96c9-467d8305d055"],"officers":["18aedde3-cf0b-4c19-8310-d9335fde0f97"],"claimsBonus":0,"claimsAnnexed":0,"claimsPenalty":[0,0],"territories":[9072,9073,9074,9075,8792,9070,9071],"annexed":[],"captured":[],"outpost":{},"allies":["Tatmadaw","Lhasa","Yasodharapura","Kalasin","Vyādhapūra"],"enemies":["Silk_Road"],"income":{},"incomeEgg":{},"open":false,"protect":[],"homeCool":0},"Yasodharapura":{"uuid":"3cd64c58-2e04-4984-b844-5c1a72426d85","leader":"0054dd87-52ef-4240-abb2-a8ed4b3d51a7","home":9416,"spawn":[5444.209773078782,97.0,2919.012091818817],"color":[246,208,134],"perms":{"INTERACT":[0],"BUILD":[0],"DESTROY":[0],"CHESTS":[0],"USE_ITEMS":[0],"INCOME":[0]},"residents":["0054dd87-52ef-4240-abb2-a8ed4b3d51a7","74cfd05c-5289-439c-b87a-920db5047a38"],"officers":["74cfd05c-5289-439c-b87a-920db5047a38"],"claimsBonus":0,"claimsAnnexed":0,"claimsPenalty":[0,0],"territories":[9416,9000,9417,9385,9002,9419,9421],"annexed":[],"captured":[],"outpost":{},"allies":["Lhasa","Aksum","Samarkand","Goa","Kalasin","Djibouti","Vyādhapūra"],"enemies":["Chang'an","Anbei"],"income":{"CRIMSON_STEM":76,"BAMBOO":38,"APPLE":2,"COAL":6,"GOLD_INGOT":19,"FLINT":16,"LEATHER":8,"INK_SAC":58,"BEETROOT":2},"incomeEgg":{},"open":false,"protect":[],"homeCool":0},"Otuken":{"uuid":"fc33c19a-5b01-402e-91ae-db770516d759","leader":"cd479be2-4cf0-4f44-8128-c7f68f899dab","home":9576,"spawn":[4775.153941342922,93.0,23.3773952249607],"color":[204,195,75],"perms":{"INTERACT":[0],"BUILD":[0],"DESTROY":[0],"CHESTS":[0],"USE_ITEMS":[0],"INCOME":[0]},"residents":["cd479be2-4cf0-4f44-8128-c7f68f899dab","f5b1ddd5-afdf-4e86-b7b3-d8f0b870e8d3"],"officers":["f5b1ddd5-afdf-4e86-b7b3-d8f0b870e8d3"],"claimsBonus":0,"claimsAnnexed":0,"claimsPenalty":[0,0],"territories":[9576,9577,9574,9575],"annexed":[],"captured":[],"outpost":{},"allies":[],"enemies":[],"income":{"IRON_ORE":20,"COAL":57,"LEATHER":38,"COW_SPAWN_EGG":38},"incomeEgg":{},"open":false,"protect":[],"homeCool":0},"Makkah":{"uuid":"7182a6fc-73bf-4517-a4e4-c9a980ff0f90","leader":"9d79613b-6079-4c80-9acd-c463d7a0182f","home":9141,"spawn":[428.33382516371745,99.0,2399.6832691892478],"color":[141,33,49],"perms":{"INTERACT":[0],"BUILD":[0],"DESTROY":[0],"CHESTS":[0],"USE_ITEMS":[0],"INCOME":[0]},"residents":["634da990-e451-4c37-93fe-89c80bb136ee","439bc5e0-1834-4f41-b06d-f8f62671cdf7","842a5867-3a40-482d-8f71-e0e46d456706","03a3dc1b-863a-4e4a-a9e8-ab67ae73a37d","9d79613b-6079-4c80-9acd-c463d7a0182f","75cf8666-b5e9-43bc-8b0b-f99a89fb693c","8b83ea93-b8ac-4e4c-9331-b942b3ef0211"],"officers":["634da990-e451-4c37-93fe-89c80bb136ee","842a5867-3a40-482d-8f71-e0e46d456706"],"claimsBonus":0,"claimsAnnexed":0,"claimsPenalty":[0,0],"territories":[9141,9142,9126,9146,9148,8973,8798],"annexed":[],"captured":[],"outpost":{},"allies":["Lhasa","Linhuang","Baku"],"enemies":["Chang'an","Samarkand","Anbei","Trader","Silk_Road"],"income":{},"incomeEgg":{},"open":false,"protect":[],"homeCool":0},"Kalasin":{"uuid":"de2b237c-aa82-4ad9-a810-5814b7f28f47","leader":"7f175860-c28c-4fb1-b9da-c651333cdfcd","home":9383,"spawn":[5827.400960973644,87.0,3025.1253063876457],"color":[183,16,164],"perms":{"INTERACT":[0],"BUILD":[0],"DESTROY":[0],"CHESTS":[0],"USE_ITEMS":[0],"INCOME":[0]},"residents":["7f175860-c28c-4fb1-b9da-c651333cdfcd"],"officers":[],"claimsBonus":0,"claimsAnnexed":0,"claimsPenalty":[0,0],"territories":[9383],"annexed":[],"captured":[],"outpost":{},"allies":["Tatmadaw","Lhasa","Anuradhapura","Aspahan","Chang'an","Kashgar","Aksum","Samarkand","Derbent","Yasodharapura","Goa","Sungai_Petani","Busan","Anbei","Djibouti","Pyongyang"],"enemies":["Silk_Road"],"income":{"SUGAR_CANE":36},"incomeEgg":{},"open":false,"protect":[],"homeCool":0},"Bombaj":{"uuid":"d7178310-4d04-4a25-a500-e1b0dcb225d8","leader":"3085a79b-bd0d-4606-9e53-e000958764b8","home":9166,"spawn":[3651.5061210027484,87.0,3555.8276738109985],"color":[23,17,16],"perms":{"INTERACT":[0],"BUILD":[0],"DESTROY":[0],"CHESTS":[0],"USE_ITEMS":[0],"INCOME":[0]},"residents":["e48e33fc-9639-47bd-b2ae-432b9ed9cd02","3085a79b-bd0d-4606-9e53-e000958764b8","c8ff1801-620a-42fe-b4ed-a02519b9c6a0","4334598f-d429-4bd3-86dc-5b1334a3ea76","f71bbcdd-3e65-4dbd-a447-bcf40251ed12","7b84fc85-d5d0-4cd2-ab91-c7e43f2857e1"],"officers":[],"claimsBonus":0,"claimsAnnexed":0,"claimsPenalty":[0,0],"territories":[9166],"annexed":[],"captured":[],"outpost":{},"allies":["Nasirpur"],"enemies":["Anuradhapura"],"income":{"CHICKEN_SPAWN_EGG":12},"incomeEgg":{},"open":false,"protect":[],"homeCool":0},"Samar":{"uuid":"6bb21152-e081-443b-835a-0689f24a175f","leader":"3873e642-4a70-4990-a57e-1eccbd84522c","home":9041,"spawn":[7708.670666931718,83.0,3517.910107436608],"color":[90,210,227],"perms":{"INTERACT":[0],"BUILD":[0],"DESTROY":[0],"CHESTS":[0],"USE_ITEMS":[0],"INCOME":[0]},"residents":["834d7006-6df1-430c-a029-59eba6b73743","3873e642-4a70-4990-a57e-1eccbd84522c"],"officers":[],"claimsBonus":0,"claimsAnnexed":0,"claimsPenalty":[0,0],"territories":[9041],"annexed":[],"captured":[],"outpost":{},"allies":[],"enemies":[],"income":{"IRON_ORE":17},"incomeEgg":{},"open":false,"protect":[],"homeCool":0},"test":{"uuid":"a8b4243c-552e-4885-9e48-4d23a3e65559","leader":"d868c394-dcd3-4411-97d3-01b009827a6d","home":9633,"spawn":[3225.8453466404535,84.0,4335.011689208232],"color":[97,150,158],"perms":{"INTERACT":[0],"BUILD":[0],"DESTROY":[0],"CHESTS":[0],"USE_ITEMS":[0],"INCOME":[0]},"residents":["d868c394-dcd3-4411-97d3-01b009827a6d"],"officers":[],"claimsBonus":0,"claimsAnnexed":0,"claimsPenalty":[0,0],"territories":[9633],"annexed":[],"captured":[],"outpost":{},"allies":[],"enemies":[],"income":{"COD":34},"incomeEgg":{},"open":false,"protect":[],"homeCool":0},"Anbei":{"uuid":"9dfbf6e5-3b45-43ac-92a7-4817276006da","leader":"529f643b-2dc1-48ff-8c34-db9a5820b62c","home":9601,"spawn":[5873.038113906308,86.0,285.48885487629013],"color":[255,105,180],"perms":{"INTERACT":[0,4],"BUILD":[0,4],"DESTROY":[0,4],"CHESTS":[0,4],"USE_ITEMS":[0,4],"INCOME":[0]},"residents":["529f643b-2dc1-48ff-8c34-db9a5820b62c","6e8e40aa-de33-4525-85e0-c9059199b7e7","f5cfb1e9-fbe5-4e9a-b31a-56148e62392c","c80db4b6-e62f-4885-ad73-a36c0ba0acd4","42750448-086e-44d5-9d5d-0bd3f8bb7f39","8da44240-4de2-4046-8c07-54ff4d949be1"],"officers":["6e8e40aa-de33-4525-85e0-c9059199b7e7","c80db4b6-e62f-4885-ad73-a36c0ba0acd4"],"claimsBonus":0,"claimsAnnexed":0,"claimsPenalty":[0,0],"territories":[9601,9602,9603,9604,8809,9513,8810,8844,9580],"annexed":[],"captured":[],"outpost":{},"allies":["Kalasin","Vyādhapūra"],"enemies":["Tatmadaw","Bongobong","Makkah","Samarkand","Yasodharapura","Baghdad","Silk_Road"],"income":{"IRON_ORE":7,"OAK_LOG":28,"COAL":21,"GOLD_INGOT":14,"FEATHER":28,"LEATHER":14,"HORSE_SPAWN_EGG":14},"incomeEgg":{},"open":false,"protect":[[5930,82,330],[5870,82,285],[5872,86,289],[5873,87,289],[5870,82,286],[5874,86,289],[5875,87,289],[5877,86,286],[5872,82,287],[5874,87,289],[5873,86,289],[5871,82,287],[5877,86,285],[5875,86,289],[5877,86,287]],"homeCool":0},"Sungai_Petani":{"uuid":"aefc35bd-5c87-4d01-aa97-dd9c5c06dd10","leader":"7074ab7c-d96d-4e36-af86-a65faab4a14c","home":8818,"spawn":[5639.699999988079,95.0,4078.478004985016],"color":[164,24,14],"perms":{"INTERACT":[0],"BUILD":[0],"DESTROY":[0],"CHESTS":[0],"USE_ITEMS":[0],"INCOME":[0]},"residents":["7074ab7c-d96d-4e36-af86-a65faab4a14c","506d6711-278c-48fd-a79f-32f5e1e00cb3"],"officers":[],"claimsBonus":0,"claimsAnnexed":0,"claimsPenalty":[0,0],"territories":[8816,8817,8818,9626,9627,9628],"annexed":[],"captured":[],"outpost":{},"allies":["Kalasin","Vyādhapūra"],"enemies":[],"income":{"IRON_ORE":10,"JUNGLE_LOG":80,"ACACIA_LOG":32,"CRIMSON_STEM":40,"BAMBOO":16,"COAL":33,"BEETROOT":22},"incomeEgg":{},"open":false,"protect":[],"homeCool":0},"Nasirpur":{"uuid":"a555365c-3244-49f6-be1c-eaebb34a388b","leader":"5e17d2d9-f339-4b50-abd6-4079710ecf8a","home":9214,"spawn":[2990.459924021776,84.0,2200.999513911875],"color":[231,144,236],"perms":{"INTERACT":[0],"BUILD":[0],"DESTROY":[0],"CHESTS":[0],"USE_ITEMS":[0],"INCOME":[0]},"residents":["6556e8e7-eec5-470d-b17c-bd59fece5406","d1752390-ddd9-49be-bd54-5f3dc1098fc5","5e17d2d9-f339-4b50-abd6-4079710ecf8a"],"officers":[],"claimsBonus":0,"claimsAnnexed":0,"claimsPenalty":[0,0],"territories":[9216,9243,9213,9214,9215],"annexed":[],"captured":[],"outpost":{},"allies":["Bombaj"],"enemies":["Silk_Road"],"income":{"DIORITE":96,"SANDSTONE":496,"GOLD_INGOT":32,"FEATHER":64,"GLISTERING_MELON_SLICE":6},"incomeEgg":{},"open":false,"protect":[],"homeCool":0},"Founding":{"uuid":"c9413679-ee75-4d4c-9bb8-e43cec8f2e8d","leader":"8cd0a47d-5b14-4345-b791-5cb287e4cb71","home":9102,"spawn":[192.6210988004046,103.0,3764.244865177916],"color":[127,29,134],"perms":{"INTERACT":[0],"BUILD":[0],"DESTROY":[0],"CHESTS":[0],"USE_ITEMS":[0],"INCOME":[0]},"residents":["8cd0a47d-5b14-4345-b791-5cb287e4cb71"],"officers":[],"claimsBonus":0,"claimsAnnexed":0,"claimsPenalty":[0,0],"territories":[9102],"annexed":[],"captured":[],"outpost":{},"allies":[],"enemies":[],"income":{"CHICKEN_SPAWN_EGG":18},"incomeEgg":{},"open":false,"protect":[],"homeCool":0},"Bongobong":{"uuid":"96d0ea01-0dbe-46cd-a47d-68f6581d7f77","leader":"64d18710-ac60-472d-93b2-7d22559b040d","home":8794,"spawn":[810.6108683375055,84.0,4347.686714819542],"color":[140,228,229],"perms":{"INTERACT":[0],"BUILD":[0],"DESTROY":[0],"CHESTS":[0],"USE_ITEMS":[0],"INCOME":[0]},"residents":["64d18710-ac60-472d-93b2-7d22559b040d"],"officers":[],"claimsBonus":0,"claimsAnnexed":0,"claimsPenalty":[0,0],"territories":[8793,8794],"annexed":[],"captured":[],"outpost":{},"allies":["Lhasa","Linhuang","Baku"],"enemies":["Chang'an","Samarkand","Anbei","Trader","Silk_Road"],"income":{"IRON_ORE":1,"COD":2},"incomeEgg":{},"open":false,"protect":[],"homeCool":0},"Muscat":{"uuid":"e6f4ad67-9934-46a3-b343-51b03ebf822d","leader":"603686d9-171d-46ec-be3a-609484bd0600","home":8851,"spawn":[1838.5512292897859,140.0,2437.7567550750473],"color":[131,193,178],"perms":{"INTERACT":[0],"BUILD":[0],"DESTROY":[0],"CHESTS":[0],"USE_ITEMS":[0],"INCOME":[0]},"residents":["603686d9-171d-46ec-be3a-609484bd0600"],"officers":[],"claimsBonus":0,"claimsAnnexed":0,"claimsPenalty":[0,0],"territories":[8850,8851],"annexed":[],"captured":[],"outpost":{},"allies":[],"enemies":[],"income":{"BASALT":8,"LEATHER":2,"BLACKSTONE":8},"incomeEgg":{},"open":false,"protect":[],"homeCool":0},"Vaishali":{"uuid":"731bfa17-25fb-4366-bcb0-b97d607cf319","leader":"60365a85-6cea-4a6f-8d74-3ec98c8e2679","home":9300,"spawn":[4413.00594961599,83.0,2223.7745050892877],"color":[196,230,251],"perms":{"INTERACT":[0],"BUILD":[0],"DESTROY":[0],"CHESTS":[0],"USE_ITEMS":[0],"INCOME":[0]},"residents":["60365a85-6cea-4a6f-8d74-3ec98c8e2679"],"officers":[],"claimsBonus":0,"claimsAnnexed":0,"claimsPenalty":[0,0],"territories":[9300,9311],"annexed":[],"captured":[],"outpost":{},"allies":["Lhasa","Kashgar","Samarkand","Anuradhapura"],"enemies":["Silk_Road"],"income":{},"incomeEgg":{},"open":false,"protect":[],"homeCool":0}},"nations":{"Tang_Empire":{"uuid":"2422a1f2-0919-45fd-ba8b-af5d6ee480da","capital":"Chang'an","color":[255,0,0],"towns":["Chang'an","Anbei"],"allies":[],"enemies":["Hephthalites","Confederacy"]},"Kingdom_Of_Aksum":{"uuid":"83cd0e65-2ac1-46d5-8eef-8c6e4cadd048","capital":"Aksum","color":[220,189,171],"towns":["Aksum","Goa","Djibouti"],"allies":["Kingdom_of_Funan","Empire_Of_Tibet","Confederacy"],"enemies":[]},"Sindh":{"uuid":"c4da84d8-3462-4f4c-b530-2cd95be40939","capital":"Nasirpur","color":[255,0,0],"towns":["Nasirpur"],"allies":["Karur"],"enemies":[]},"Kingdom_of_Funan":{"uuid":"2b1737ce-e9fd-4e41-9110-9add943ce6d6","capital":"Vyādhapūra","color":[72,244,184],"towns":["Kalasin","Vyādhapūra"],"allies":["Sassanid_Persia","Tamilakam","Khazar","Empire_Of_Tibet","Kingdom_Of_Aksum","Hephthalites","Korean_Federation","Kedah_Sultanate","Confederacy","West_Turks"],"enemies":[]},"Harsha":{"uuid":"f8ff11bf-70a4-42c9-8566-e64966de73bf","capital":"Delhi","color":[247,221,188],"towns":["Delhi","Vaishali"],"allies":["Tamilakam","Empire_Of_Tibet","Hephthalites","West_Turks"],"enemies":[]},"Sassanid_Persia":{"uuid":"fb929c22-0570-4654-958f-8adebc4c5848","capital":"Aspahan","color":[229,208,24],"towns":["Aspahan"],"allies":["Kingdom_of_Funan","Khazar","Empire_Of_Tibet","SPQR"],"enemies":[]},"Tamilakam":{"uuid":"1592455e-14e0-4f59-a1cf-365a3a68e669","capital":"Anuradhapura","color":[3,7,252],"towns":["Anuradhapura"],"allies":["Kingdom_of_Funan","Harsha","Empire_Of_Tibet","Hephthalites"],"enemies":["Karur"]},"Khazar":{"uuid":"778a58a7-732a-45d4-92f3-864b1628d030","capital":"Derbent","color":[162,49,121],"towns":["Derbent"],"allies":["Sassanid_Persia","Kingdom_of_Funan","West_Turks"],"enemies":[]},"Empire_Of_Tibet":{"uuid":"ecfd4fd0-8633-435c-ae89-a5e8d4e62fc3","capital":"Lhasa","color":[204,204,0],"towns":["Lhasa"],"allies":["Sassanid_Persia","Tamilakam","Kingdom_of_Funan","Harsha","Abbasid_Caliphate","Kingdom_Of_Aksum","Hephthalites","Korean_Federation","Confederacy","West_Turks"],"enemies":[]},"Hephthalites":{"uuid":"b48cd768-e751-4b18-8c00-4521c72c6908","capital":"Samarkand","color":[185,29,206],"towns":["Samarkand"],"allies":["Tamilakam","Kingdom_of_Funan","Harsha","Empire_Of_Tibet","Confederacy","West_Turks"],"enemies":["Abbasid_Caliphate","Tang_Empire"]},"Confederacy":{"uuid":"5c766f6d-c07d-4bba-ab84-c188bd4a6d34","capital":"Tatmadaw","color":[197,64,55],"towns":["Tatmadaw","Yasodharapura"],"allies":["Kingdom_of_Funan","Empire_Of_Tibet","Kingdom_Of_Aksum","Hephthalites"],"enemies":["Tang_Empire"]},"Khitan_Khaganate":{"uuid":"5c74006c-59b2-4a9c-bb8b-2ba94266b7e7","capital":"Linhuang","color":[95,147,21],"towns":["Linhuang"],"allies":["Abbasid_Caliphate"],"enemies":[]},"Indonesia":{"uuid":"ebd3f444-a0cd-4ed8-a622-785e389f03d2","capital":"Jalang","color":[99,220,44],"towns":["Jalang"],"allies":[],"enemies":[]},"SPQR":{"uuid":"fba11943-d620-4272-a990-30dfaa037694","capital":"Trebizund","color":[206,139,219],"towns":["Trebizund"],"allies":["Sassanid_Persia"],"enemies":[]},"Jiaozhi":{"uuid":"28f175dc-533e-432c-a53f-6b5a5086d7d3","capital":"Long_Biên","color":[214,255,80],"towns":["Long_Biên"],"allies":[],"enemies":[]},"Korean_Federation":{"uuid":"3e87c1a7-1d62-45a0-9893-86e80496df54","capital":"Busan","color":[241,235,214],"towns":["Busan","Pyongyang"],"allies":["Kingdom_of_Funan","Empire_Of_Tibet"],"enemies":[]},"Germark":{"uuid":"9dc56355-8083-4a2c-9f8a-ac379ada8bc1","capital":"Bretze","color":[97,86,142],"towns":["Bretze"],"allies":[],"enemies":[]},"East_Turks":{"uuid":"43e97f93-cac8-4bc8-b874-711238651a79","capital":"Otuken","color":[120,138,96],"towns":["Otuken"],"allies":[],"enemies":[]},"Karur":{"uuid":"6c11b23a-f3df-498c-89b7-16628918dd0b","capital":"Bombaj","color":[237,131,162],"towns":["Bombaj"],"allies":["Sindh"],"enemies":["Tamilakam"]},"Azerbaijani_Khagante":{"uuid":"b7ff571a-4c68-4012-92ec-a0689b78961b","capital":"Baku","color":[225,6,0],"towns":["Baku"],"allies":["Abbasid_Caliphate"],"enemies":[]},"West_Turks":{"uuid":"c69d5b45-0584-4294-86ed-93d5086f51a0","capital":"Kashgar","color":[50,160,80],"towns":["Kashgar"],"allies":["Kingdom_of_Funan","Harsha","Khazar","Empire_Of_Tibet","Hephthalites"],"enemies":[]},"Kedah_Sultanate":{"uuid":"ee9c921e-a038-4c37-a55a-fae4eac428d9","capital":"Sungai_Petani","color":[54,47,225],"towns":["Sungai_Petani"],"allies":["Kingdom_of_Funan"],"enemies":[]},"Abbasid_Caliphate":{"uuid":"d7fc8977-b61c-44cf-9e1c-d021a47ed35e","capital":"Baghdad","color":[172,11,11],"towns":["Bongobong","Makkah","Baghdad"],"allies":["Khitan_Khaganate","Empire_Of_Tibet","Azerbaijani_Khagante"],"enemies":["Hephthalites"]}}}