{"meta":{"type":"world"},"nodes":{"diamond":{"name":"diamond","icon":"diamond","cost":{"scale":2,"constant":10},"income":{"diamond":16},"ore":{"diamond_ore":0.1},"crops":{},"animals":{}},"emerald":{"name":"emerald","icon":"emerald","cost":{"scale":2,"constant":10},"income":{"emerald":16},"ore":{"emerald_ore":0.1},"crops":{},"animals":{}},"iron":{"name":"iron","icon":"iron_ingot","cost":{"scale":1.2,"constant":0},"income":{"iron_ingot":32},"ore":{"iron_ore":0.2},"crops":{},"animals":{}},"gold":{"name":"gold","icon":"gold_ingot","cost":{"scale":1.2,"constant":0},"income":{"gold_ingot":32},"ore":{"gold_ore":0.2},"crops":{},"animals":{}},"coal":{"name":"coal","icon":"coal","cost":{"scale":1,"constant":0},"income":{"coal":64},"ore":{"coal":0.2},"crops":{},"animals":{}},"redstone":{"name":"redstone","icon":"redstone","cost":{"scale":1,"constant":0},"income":{"redstone":32},"ore":{"redstone_ore":0.2},"crops":{},"animals":{}},"quartz":{"name":"quartz","icon":"quartz","cost":{"scale":1,"constant":0},"income":{"quartz":32},"ore":{"quartz_ore":0.2},"crops":{},"animals":{}},"wheat":{"name":"wheat","icon":"wheat","cost":{"scale":1,"constant":0},"income":{"wheat":32},"ore":{},"crops":{"wheat":1},"animals":{}},"sugarcane":{"name":"sugarcane","icon":"sugar_cane","cost":{"scale":1,"constant":0},"income":{"sugarcane":32},"ore":{},"crops":{"sugarcane":1},"animals":{}},"horses":{"name":"horses","icon":"mob_horse","cost":{"scale":1,"constant":0},"income":{"spawn_egg_horse":16},"ore":{},"crops":{},"animals":{"horse":1}},"cows":{"name":"cows","icon":"mob_cow","cost":{"scale":1,"constant":0},"income":{"spawn_egg_cow":8,"leather":32,"raw_beef":32},"ore":{},"crops":{},"animals":{"cow":1}},"sheep":{"name":"sheep","icon":"mob_sheep","cost":{"scale":1,"constant":0},"income":{"spawn_egg_sheep":8,"wool":32,"mutton":32},"ore":{},"crops":{},"animals":{"sheep":1}},"fish":{"name":"fish","icon":"mob_salmon","cost":{"scale":1,"constant":0},"income":{"salmon":64},"ore":{},"crops":{},"animals":{}},"carrots":{"name":"carrots","icon":"carrot","cost":{"scale":1,"constant":0},"income":{"carrot":64},"ore":{},"crops":{"carrot":1},"animals":{}},"beetroots":{"name":"beetroots","icon":"beetroot","cost":{"scale":1,"constant":0},"income":{"beetroot":64},"ore":{},"crops":{"beetroot":1},"animals":{}},"glowstone":{"name":"glowstone","icon":"glowstone_dust","cost":{"scale":1,"constant":0},"income":{"glowstone":16},"ore":{"glowstone_dust":0.2},"crops":{},"animals":{}},"potatos":{"name":"potatos","icon":"potato","cost":{"scale":1,"constant":0},"income":{"potato":64},"ore":{},"crops":{"potato":1},"animals":{}}},"territories":{"0":{"name":"","core":[-408,-456],"coreChunk":[-26,-29],"chunks":[-23,-30,-29,-26,-27,-28,-25,-31,-28,-29,-24,-27,-26,-32,-28,-25,-29,-28,-24,-28,-27,-31,-26,-29,-25,-29,-28,-26,-27,-27,-29,-27,-25,-26,-25,-27,-29,-30,-27,-26,-28,-28,-27,-29,-26,-28,-31,-27,-27,-30,-26,-26,-25,-28,-29,-25,-26,-25,-31,-29,-30,-27,-24,-31,-23,-28,-25,-32,-28,-27,-30,-29,-31,-28,-24,-29,-28,-31,-23,-29,-30,-28,-30,-26,-28,-30,-27,-25,-27,-32,-25,-30,-26,-31,-24,-30,-29,-29,-26,-30,-26,-27],"size":51,"neighbors":[4,3,1],"nodes":["wheat","fish"],"color":0},"1":{"name":"","core":[-332,-396],"coreChunk":[-21,-25],"chunks":[-18,-26,-19,-24,-24,-26,-25,-25,-20,-25,-21,-29,-23,-24,-21,-25,-23,-27,-22,-26,-22,-27,-22,-23,-21,-24,-24,-24,-23,-25,-18,-27,-21,-26,-20,-28,-24,-25,-18,-25,-19,-29,-23,-26,-22,-28,-21,-23,-22,-25,-19,-28,-20,-29,-22,-24,-19,-25,-19,-26,-23,-23,-20,-24,-21,-28,-21,-27,-20,-26,-19,-27,-20,-27,-22,-29,-20,-23,-25,-24],"size":40,"neighbors":[2,5,3,4,0],"nodes":["wheat","sheep","cows"],"color":1},"2":{"name":"","core":[-249,-347],"coreChunk":[-16,-22],"chunks":[-15,-28,-14,-22,-17,-26,-17,-29,-15,-26,-16,-26,-14,-25,-16,-21,-16,-29,-14,-20,-17,-27,-14,-24,-14,-23,-15,-29,-18,-29,-18,-22,-17,-20,-16,-24,-17,-21,-15,-27,-13,-25,-13,-23,-14,-27,-14,-26,-19,-22,-17,-22,-17,-23,-14,-28,-15,-24,-16,-20,-18,-21,-19,-23,-16,-28,-16,-22,-15,-23,-13,-22,-14,-29,-16,-23,-13,-26,-17,-30,-15,-20,-13,-24,-19,-21,-13,-28,-14,-21,-16,-25,-13,-27,-16,-27,-17,-25,-18,-28,-18,-20,-17,-24,-15,-25,-15,-21,-18,-30,-18,-24,-15,-22,-18,-23,-17,-28,-16,-30],"size":60,"neighbors":[1,5,8,22,21,3],"nodes":["wheat","sheep"],"color":0},"3":{"name":"","core":[-319,-504],"coreChunk":[-20,-32],"chunks":[-14,-33,-14,-32,-19,-35,-21,-33,-21,-30,-20,-32,-20,-31,-18,-35,-17,-32,-19,-31,-15,-34,-20,-33,-17,-33,-23,-31,-24,-32,-22,-32,-15,-31,-15,-32,-17,-34,-18,-34,-22,-30,-18,-31,-20,-35,-19,-34,-17,-31,-21,-34,-18,-32,-15,-33,-19,-30,-21,-32,-15,-30,-23,-32,-20,-34,-22,-31,-23,-34,-17,-35,-23,-33,-18,-33,-16,-34,-22,-34,-22,-33,-14,-31,-20,-30,-16,-33,-19,-33,-16,-32,-16,-31,-19,-32,-14,-30,-21,-31,-24,-33],"size":51,"neighbors":[0,22,2,1],"nodes":["fish","diamond"],"color":2},"4":{"name":"","core":[-439,-336],"coreChunk":[-28,-21],"chunks":[-31,-24,-27,-21,-26,-23,-28,-22,-30,-21,-27,-19,-27,-20,-28,-24,-29,-23,-31,-22,-30,-25,-30,-23,-29,-20,-26,-22,-31,-21,-27,-24,-30,-19,-29,-19,-28,-21,-31,-20,-28,-19,-27,-23,-30,-24,-31,-25,-26,-20,-28,-23,-31,-23,-25,-23,-29,-24,-28,-20,-30,-20,-26,-19,-26,-24,-25,-21,-25,-20,-25,-22,-26,-21,-30,-22,-27,-22,-29,-21,-29,-22],"size":41,"neighbors":[7,5,1,6,0],"nodes":["gold"],"color":3},"5":{"name":"","core":[-343,-311],"coreChunk":[-22,-20],"chunks":[-22,-22,-22,-19,-23,-22,-24,-21,-21,-22,-22,-18,-24,-20,-23,-19,-20,-16,-17,-18,-24,-19,-23,-18,-21,-19,-19,-20,-22,-21,-22,-20,-20,-18,-23,-20,-18,-16,-19,-18,-21,-16,-18,-19,-18,-17,-17,-16,-22,-17,-24,-22,-21,-17,-20,-17,-24,-18,-20,-22,-20,-20,-21,-20,-24,-23,-20,-19,-21,-18,-19,-16,-17,-19,-19,-17,-21,-21,-17,-17,-20,-21,-19,-19,-18,-18,-23,-21],"size":44,"neighbors":[9,7,8,4,2,1],"nodes":["wheat","coal"],"color":2},"6":{"name":"","core":[-462,-241],"coreChunk":[-29,-16],"chunks":[-30,-14,-31,-16,-31,-15,-31,-14,-28,-14,-27,-18,-29,-16,-27,-14,-29,-11,-29,-17,-32,-18,-27,-15,-32,-15,-30,-15,-29,-15,-29,-13,-30,-17,-32,-17,-28,-12,-31,-19,-31,-17,-30,-16,-30,-18,-27,-13,-28,-15,-31,-12,-30,-11,-30,-12,-31,-18,-27,-16,-32,-14,-28,-13,-30,-13,-28,-16,-28,-18,-28,-11,-29,-18,-32,-16,-29,-14,-31,-13,-28,-17,-29,-12,-27,-17],"size":43,"neighbors":[4,11,7],"nodes":["wheat","fish","iron"],"color":0},"7":{"name":"","core":[-379,-232],"coreChunk":[-24,-15],"chunks":[-26,-14,-22,-15,-26,-17,-24,-14,-22,-16,-25,-17,-24,-16,-21,-14,-26,-13,-26,-12,-21,-15,-25,-14,-20,-15,-25,-18,-24,-15,-26,-16,-23,-17,-27,-12,-23,-14,-22,-14,-25,-15,-24,-13,-23,-15,-24,-17,-25,-13,-23,-13,-26,-18,-25,-19,-25,-12,-26,-15,-23,-16,-25,-16,-24,-12],"size":33,"neighbors":[6,9,4,10,5,11],"nodes":["coal","iron"],"color":1},"8":{"name":"topplekek","core":[-214,-256],"coreChunk":[-14,-16],"chunks":[-13,-14,-11,-15,-11,-16,-16,-16,-15,-18,-12,-19,-15,-14,-11,-17,-14,-18,-16,-18,-14,-15,-12,-16,-13,-15,-12,-14,-16,-15,-14,-14,-13,-16,-15,-16,-16,-17,-14,-16,-12,-18,-14,-19,-14,-17,-12,-17,-12,-15,-13,-17,-15,-17,-15,-15,-13,-19,-11,-14,-15,-19,-16,-19,-13,-18],"size":33,"neighbors":[2,5,21,20,19,9],"nodes":["wheat","sheep"],"color":1},"9":{"name":"dicklet","core":[-256,-179],"coreChunk":[-16,-12],"chunks":[-20,-14,-18,-12,-17,-15,-15,-13,-16,-14,-18,-10,-16,-13,-20,-13,-16,-11,-19,-15,-16,-10,-17,-10,-18,-15,-17,-11,-17,-12,-15,-10,-19,-14,-15,-12,-18,-11,-15,-11,-16,-12,-17,-14,-17,-13,-18,-14,-19,-13,-18,-13,-19,-12],"size":27,"neighbors":[10,8,13,19,5,7],"nodes":["iron","coal"],"color":0},"10":{"name":"wewlad","core":[-336,-160],"coreChunk":[-21,-10],"chunks":[-21,-9,-23,-10,-19,-10,-20,-11,-20,-8,-22,-8,-22,-11,-22,-13,-22,-10,-23,-12,-20,-9,-21,-10,-19,-8,-22,-9,-20,-12,-23,-11,-24,-10,-21,-13,-19,-11,-24,-11,-20,-10,-21,-8,-21,-12,-19,-9,-21,-11,-22,-12,-24,-9,-23,-9],"size":28,"neighbors":[13,11,12,9,7],"nodes":["iron","coal"],"color":2},"11":{"name":"","core":[-424,-120],"coreChunk":[-27,-8],"chunks":[-27,-7,-29,-7,-30,-10,-26,-8,-29,-9,-25,-11,-25,-9,-25,-7,-27,-10,-28,-9,-29,-6,-26,-7,-28,-8,-28,-7,-28,-6,-27,-6,-26,-11,-30,-7,-25,-6,-26,-9,-27,-11,-30,-9,-30,-8,-26,-6,-29,-10,-25,-10,-25,-8,-28,-10,-27,-8,-27,-9,-26,-10,-29,-8],"size":32,"neighbors":[10,14,7,12,6],"nodes":["diamond"],"color":3},"12":{"name":"","core":[-319,-72],"coreChunk":[-20,-5],"chunks":[-23,-4,-20,-4,-23,-6,-18,-5,-23,-5,-22,-4,-18,-6,-22,-5,-22,-7,-20,-7,-21,-4,-21,-6,-19,-4,-24,-7,-19,-7,-19,-5,-19,-6,-19,-3,-21,-5,-21,-7,-18,-7,-24,-8,-22,-3,-20,-5,-21,-3,-24,-6,-23,-8,-20,-3,-20,-6,-23,-7,-22,-6,-18,-4,-24,-5],"size":33,"neighbors":[11,16,18,14,13,10],"nodes":["emerald"],"color":0},"13":{"name":"","core":[-238,-97],"coreChunk":[-15,-7],"chunks":[-17,-6,-15,-4,-13,-7,-14,-4,-14,-5,-17,-7,-17,-8,-17,-4,-15,-8,-18,-9,-15,-7,-17,-5,-13,-6,-15,-5,-17,-9,-15,-6,-14,-6,-14,-8,-16,-4,-16,-8,-15,-9,-16,-5,-14,-9,-16,-9,-16,-6,-14,-7,-18,-8,-16,-7],"size":28,"neighbors":[10,18,12,9,17,19],"nodes":["coal","iron"],"color":3},"14":{"name":"","core":[-442,-42],"coreChunk":[-28,-3],"chunks":[-30,-5,-29,-3,-29,-1,-27,-3,-25,-5,-27,-5,-24,-3,-31,-5,-26,-4,-26,-5,-30,-3,-31,-6,-25,-3,-28,-3,-27,-4,-28,-1,-31,-4,-26,-3,-28,-2,-30,-6,-30,-4,-27,-1,-29,-5,-28,-5,-29,-2,-26,-2,-28,-4,-24,-4,-27,-2,-30,-1,-29,-4,-30,-2,-25,-4],"size":33,"neighbors":[12,16,11,15],"nodes":["iron","coal"],"color":1},"15":{"name":"","core":[-459,55],"coreChunk":[-29,3],"chunks":[-26,0,-28,0,-32,2,-29,2,-32,4,-28,5,-27,3,-31,6,-29,4,-31,3,-29,1,-27,0,-29,6,-30,2,-28,2,-26,2,-31,1,-30,4,-30,5,-31,5,-31,4,-29,3,-31,0,-28,4,-30,6,-28,6,-27,1,-29,0,-32,3,-30,1,-31,2,-27,5,-28,3,-29,5,-27,4,-26,3,-27,2,-30,3,-30,0,-26,1,-26,-1,-28,1],"size":42,"neighbors":[14,27,16],"nodes":["coal","iron"],"color":0},"16":{"name":"","core":[-352,19],"coreChunk":[-22,1],"chunks":[-25,1,-21,4,-24,4,-24,3,-20,2,-24,2,-25,2,-20,3,-25,0,-20,1,-20,-1,-25,-2,-22,4,-23,-2,-20,0,-21,1,-21,-2,-22,0,-21,2,-24,1,-23,1,-22,3,-21,-1,-24,-1,-24,-2,-22,-1,-23,2,-21,0,-23,-3,-23,-1,-23,3,-25,-1,-22,1,-22,2,-22,-2,-21,3,-24,0,-23,4,-25,3,-23,0],"size":40,"neighbors":[12,18,15,14,27],"nodes":["coal","iron"],"color":2},"17":{"name":"","core":[-162,-45],"coreChunk":[-11,-3],"chunks":[-11,-1,-12,-1,-8,-3,-9,-2,-13,1,-13,0,-13,-4,-13,-3,-12,2,-10,-4,-11,-4,-14,0,-13,2,-12,1,-9,-4,-11,-5,-10,0,-11,-6,-12,0,-10,-1,-14,-2,-12,-5,-15,-2,-9,-3,-12,-2,-9,-6,-10,-6,-10,-5,-11,0,-12,-4,-12,-3,-13,-5,-10,-3,-13,-2,-9,-5,-11,-3,-16,-2,-16,-3,-8,-4,-15,-3,-14,-1,-15,-1,-10,-2,-8,-5,-8,-2,-12,-6,-9,-1,-11,-2,-14,-3,-13,-1],"size":50,"neighbors":[19,18,13,45],"nodes":["wheat","cows"],"color":0},"18":{"name":"","core":[-256,49],"coreChunk":[-16,3],"chunks":[-16,5,-14,5,-12,4,-16,2,-17,1,-17,-1,-19,5,-19,3,-17,5,-14,2,-13,5,-18,0,-18,-3,-17,4,-14,4,-19,4,-18,5,-18,-1,-20,4,-16,3,-13,4,-19,-1,-20,-2,-19,-2,-19,0,-15,2,-18,3,-15,0,-17,0,-15,3,-13,3,-18,4,-12,3,-19,2,-16,0,-14,3,-15,1,-18,1,-17,-2,-19,1,-15,5,-17,-3,-14,1,-15,4,-16,4,-17,2,-18,-2,-16,-1,-18,2,-16,1,-17,3],"size":51,"neighbors":[16,27,31,17,44,12,13],"nodes":["coal","iron"],"color":1},"19":{"name":"capitalel","core":[-159,-148],"coreChunk":[-10,-10],"chunks":[-9,-11,-10,-12,-14,-12,-11,-9,-12,-12,-8,-7,-7,-7,-10,-9,-8,-8,-12,-13,-10,-8,-7,-8,-9,-10,-13,-10,-9,-8,-11,-11,-14,-11,-12,-11,-7,-6,-13,-11,-12,-9,-14,-13,-11,-12,-13,-13,-8,-6,-8,-12,-9,-12,-8,-11,-8,-10,-10,-7,-12,-7,-10,-10,-11,-10,-12,-8,-7,-9,-8,-9,-13,-9,-10,-13,-7,-10,-11,-7,-11,-8,-9,-9,-9,-13,-10,-11,-13,-8,-12,-10,-11,-13,-14,-10,-9,-7,-13,-12],"size":50,"neighbors":[45,9,20,8,26,17,13],"nodes":["wheat","cows"],"color":2},"20":{"name":"","core":[-112,-264],"coreChunk":[-7,-17],"chunks":[-7,-18,-5,-18,-8,-18,-9,-18,-6,-17,-7,-12,-9,-17,-10,-14,-7,-19,-5,-17,-7,-17,-6,-18,-6,-15,-5,-14,-8,-19,-6,-16,-9,-14,-9,-15,-8,-13,-6,-13,-5,-16,-6,-12,-8,-16,-10,-15,-6,-19,-7,-14,-5,-19,-9,-16,-5,-15,-6,-14,-8,-20,-7,-13,-5,-13,-10,-17,-8,-15,-11,-19,-10,-20,-7,-15,-10,-18,-7,-16,-10,-16,-9,-19,-8,-14,-8,-17,-9,-20,-6,-20,-10,-19,-11,-18,-7,-20],"size":49,"neighbors":[26,25,8,24,21,19],"nodes":["wheat","fish"],"color":0},"21":{"name":"","core":[-144,-376],"coreChunk":[-9,-24],"chunks":[-7,-22,-7,-24,-13,-20,-13,-21,-11,-23,-10,-25,-12,-22,-8,-23,-9,-23,-9,-24,-8,-26,-12,-25,-9,-22,-10,-27,-11,-20,-8,-22,-9,-25,-11,-27,-8,-24,-9,-27,-12,-26,-10,-21,-7,-21,-12,-27,-11,-25,-9,-26,-8,-27,-11,-22,-12,-24,-10,-23,-12,-23,-11,-26,-10,-24,-7,-23,-12,-20,-11,-21,-7,-26,-12,-21,-9,-21,-10,-22,-7,-25,-8,-21,-10,-26,-11,-24,-8,-25],"size":45,"neighbors":[2,24,22,20,8,23],"nodes":["fish"],"color":3},"22":{"name":"","core":[-162,-482],"coreChunk":[-11,-31],"chunks":[-10,-28,-7,-30,-11,-30,-12,-32,-10,-31,-9,-33,-11,-33,-13,-33,-7,-29,-13,-31,-11,-28,-9,-32,-12,-31,-7,-31,-10,-30,-8,-32,-11,-29,-13,-30,-12,-30,-10,-32,-8,-31,-10,-33,-12,-28,-8,-29,-11,-31,-9,-28,-12,-33,-10,-29,-13,-29,-12,-29,-7,-27,-9,-29,-9,-30,-9,-31,-8,-30,-13,-32,-7,-28,-8,-28,-11,-32],"size":39,"neighbors":[2,21,23,3],"nodes":["fish"],"color":1},"23":{"name":"","core":[-48,-460],"coreChunk":[-3,-29],"chunks":[-5,-29,-5,-26,-5,-28,-1,-31,-2,-28,-3,-30,-1,-29,-5,-32,-2,-27,-6,-26,-1,-32,-4,-27,-6,-28,-2,-30,-6,-27,-3,-31,-1,-27,-5,-31,-5,-25,-3,-27,-2,-32,-2,-31,-4,-28,-4,-24,-4,-31,-4,-30,-5,-30,-3,-26,-5,-24,-3,-28,-6,-31,-4,-26,-6,-25,-5,-27,-6,-30,-6,-24,-3,-29,-6,-29,-3,-25,-1,-28,-3,-32,-4,-29,-4,-32,-4,-25,-2,-29,-1,-30],"size":46,"neighbors":[69,24,21,22],"nodes":["gold","fish"],"color":0},"24":{"name":"","core":[-15,-351],"coreChunk":[-1,-22],"chunks":[-2,-20,0,-21,-6,-21,1,-22,-5,-20,-1,-21,-6,-23,1,-23,0,-24,-2,-22,-5,-21,-1,-25,-4,-21,1,-25,-2,-23,-4,-22,0,-23,-3,-21,0,-25,-3,-24,-3,-23,-4,-20,1,-24,-3,-22,-1,-20,0,-26,0,-22,-2,-24,-5,-23,-5,-22,-1,-26,-1,-22,-1,-24,-6,-22,-2,-21,-1,-23,-4,-23,-2,-26,-2,-25,-3,-20],"size":40,"neighbors":[61,20,69,63,23,25,21],"nodes":["iron","wheat"],"color":2},"25":{"name":"","core":[-20,-264],"coreChunk":[-2,-17],"chunks":[1,-21,2,-16,-1,-17,1,-19,-3,-16,-2,-15,1,-18,0,-20,-2,-19,-1,-16,2,-19,-3,-17,2,-17,0,-16,1,-16,-2,-17,-3,-15,1,-20,2,-21,-4,-18,1,-15,-2,-18,-4,-19,-3,-19,-3,-18,2,-22,0,-15,-4,-17,0,-17,0,-18,-4,-16,2,-18,0,-19,-1,-15,-4,-15,1,-17,-1,-18,-1,-19,-2,-16,2,-20],"size":40,"neighbors":[61,52,26,20,24],"nodes":["wheat","cows"],"color":1},"26":{"name":"","core":[-24,-184],"coreChunk":[-2,-12],"chunks":[-1,-11,-4,-13,1,-11,-6,-8,0,-11,-2,-13,-5,-10,0,-13,0,-14,-7,-11,0,-12,-4,-9,-5,-11,-2,-10,-4,-14,1,-14,-5,-12,-1,-13,-1,-10,-1,-12,-3,-12,-3,-9,-5,-9,-3,-8,1,-13,-3,-14,-4,-10,-6,-7,-4,-8,0,-10,1,-12,-2,-12,-2,-11,-2,-14,-4,-7,-6,-10,-3,-10,-3,-11,-5,-8,-4,-11,-6,-9,-3,-13,-4,-12,-6,-11,-5,-7,-1,-14],"size":46,"neighbors":[19,49,45,20,50,52,25],"nodes":["wheat","cows","fish"],"color":3},"27":{"name":"","core":[-383,121],"coreChunk":[-24,7],"chunks":[-21,8,-24,9,-26,7,-25,9,-24,5,-30,7,-23,9,-26,8,-22,8,-24,8,-25,8,-20,5,-24,10,-21,7,-26,4,-20,7,-22,9,-29,7,-27,6,-29,8,-28,8,-22,6,-27,9,-26,10,-24,6,-23,7,-21,6,-26,6,-27,10,-28,7,-27,8,-28,9,-25,7,-23,6,-21,5,-23,8,-23,5,-30,8,-25,4,-26,9,-20,6,-25,10,-27,7,-22,7,-22,5,-29,9,-25,6,-24,7,-25,5,-26,5],"size":50,"neighbors":[16,29,15,31,18,28],"nodes":["coal","iron"],"color":3},"28":{"name":"","core":[-461,217],"coreChunk":[-29,13],"chunks":[-29,10,-31,12,-29,11,-32,11,-32,13,-29,15,-29,13,-26,11,-31,13,-29,12,-28,13,-26,13,-27,16,-31,14,-29,14,-25,13,-28,15,-27,14,-30,13,-31,15,-30,15,-30,17,-27,15,-30,9,-32,12,-28,14,-29,17,-26,12,-29,16,-31,10,-30,10,-25,11,-30,11,-28,11,-28,10,-32,15,-28,12,-28,17,-27,11,-31,11,-31,16,-25,12,-26,14,-30,12,-28,16,-30,16,-27,13,-31,17,-32,14,-30,14,-27,12],"size":51,"neighbors":[29,27,30],"nodes":["coal","iron","fish"],"color":0},"29":{"name":"","core":[-324,207],"coreChunk":[-21,12],"chunks":[-18,10,-19,9,-22,18,-23,11,-23,16,-22,15,-20,11,-26,15,-23,17,-23,18,-24,12,-22,17,-22,11,-19,13,-18,13,-18,11,-22,14,-22,10,-20,15,-24,16,-19,12,-22,13,-21,15,-21,10,-21,12,-21,11,-24,14,-19,14,-19,11,-18,14,-18,12,-20,12,-20,13,-20,10,-21,9,-23,12,-23,15,-20,9,-23,10,-21,17,-22,12,-22,16,-24,13,-21,13,-21,14,-23,13,-23,14,-25,14,-24,11,-20,8,-25,15,-19,10,-24,15,-19,15,-21,16,-20,14],"size":56,"neighbors":[27,32,30,33,31,28],"nodes":["gold","fish"],"color":1},"30":{"name":"","core":[-408,343],"coreChunk":[-26,21],"chunks":[-28,23,-29,20,-27,19,-27,24,-30,21,-28,24,-27,20,-24,21,-24,23,-26,23,-29,19,-25,20,-29,21,-28,18,-24,24,-25,23,-27,18,-25,17,-25,24,-24,17,-25,22,-26,16,-28,21,-25,16,-23,20,-27,17,-30,19,-29,23,-23,19,-24,19,-28,20,-30,18,-26,18,-28,19,-26,21,-24,20,-26,20,-23,22,-23,21,-26,24,-26,17,-26,22,-27,23,-27,22,-23,23,-30,20,-26,19,-25,18,-29,22,-29,18,-24,22,-25,21,-27,21,-24,18,-28,22,-25,19],"size":56,"neighbors":[33,28,88,29],"nodes":["coal","fish","iron"],"color":2},"31":{"name":"","core":[-237,137],"coreChunk":[-15,8],"chunks":[-19,7,-17,9,-10,7,-14,10,-16,11,-11,9,-14,9,-11,6,-17,10,-10,8,-14,7,-19,6,-16,8,-17,11,-18,7,-16,10,-15,7,-13,6,-11,5,-18,9,-13,7,-12,6,-11,8,-15,8,-11,7,-13,10,-12,8,-16,9,-15,12,-12,7,-15,11,-15,9,-18,8,-18,6,-15,6,-17,6,-13,9,-12,9,-16,6,-17,12,-13,8,-12,5,-17,7,-14,6,-16,7,-14,8,-15,10,-16,12,-17,8,-19,8],"size":50,"neighbors":[29,18,32,27,44],"nodes":["diamond"],"color":0},"32":{"name":"","core":[-216,248],"coreChunk":[-14,15],"chunks":[-12,14,-14,11,-13,11,-11,11,-12,13,-12,11,-13,17,-14,18,-16,15,-12,10,-14,17,-11,15,-14,15,-15,13,-14,14,-11,12,-13,15,-12,16,-17,14,-10,11,-14,13,-15,15,-16,17,-13,16,-10,12,-11,13,-16,14,-17,16,-13,12,-15,17,-12,17,-16,16,-10,10,-12,12,-13,13,-17,13,-14,16,-15,16,-15,14,-12,15,-14,12,-11,10,-13,14,-11,14,-16,13,-18,15,-17,15,-13,18],"size":48,"neighbors":[29,33,43,31,34,44],"nodes":["coal","gold"],"color":2},"33":{"name":"","core":[-263,331],"coreChunk":[-17,20],"chunks":[-15,18,-16,23,-21,19,-17,22,-22,19,-16,24,-18,22,-18,19,-16,18,-18,21,-22,21,-14,21,-20,16,-17,18,-15,19,-20,18,-16,22,-20,19,-17,21,-15,21,-14,19,-15,22,-19,17,-20,20,-19,22,-18,18,-18,16,-19,21,-21,21,-20,21,-19,16,-18,20,-17,19,-16,19,-19,18,-15,23,-17,23,-21,20,-18,23,-17,20,-18,17,-20,17,-16,21,-19,20,-17,17,-14,20,-16,20,-15,20,-21,18,-22,20,-19,19],"size":51,"neighbors":[29,30,88,34,32,35],"nodes":["fish","coal","iron"],"color":0},"34":{"name":"","core":[-155,323],"coreChunk":[-10,20],"chunks":[-10,16,-8,18,-9,20,-9,17,-8,21,-12,19,-11,22,-9,18,-9,19,-12,18,-8,16,-12,22,-13,20,-11,19,-11,21,-9,21,-8,19,-10,20,-13,19,-8,17,-11,20,-9,22,-10,21,-10,17,-9,16,-11,16,-11,17,-13,21,-10,19,-12,21,-11,18,-10,22,-8,20,-10,18,-12,20],"size":35,"neighbors":[35,43,36,32,33,37],"nodes":["gold","coal"],"color":3},"35":{"name":"","core":[-189,413],"coreChunk":[-12,25],"chunks":[-14,25,-17,24,-16,25,-15,26,-14,28,-11,25,-11,23,-13,24,-10,25,-13,23,-11,24,-14,27,-12,28,-11,27,-18,24,-9,25,-15,24,-13,28,-14,24,-13,22,-18,25,-10,23,-11,26,-10,24,-10,26,-12,23,-12,27,-12,24,-16,27,-15,25,-13,27,-15,27,-14,23,-12,26,-13,25,-17,26,-17,25,-12,25,-14,22,-10,27,-9,23,-11,28,-9,26,-14,26,-16,26,-9,24,-13,26],"size":47,"neighbors":[36,33,88,34],"nodes":["gold","fish"],"color":2},"36":{"name":"","core":[-85,389],"coreChunk":[-6,24],"chunks":[-4,22,-7,25,-5,26,-3,24,-8,24,-3,23,-8,23,-8,27,-5,21,-4,25,-7,21,-2,25,-6,24,-4,24,-5,22,-6,23,-6,26,-9,27,-5,25,-8,25,-7,23,-6,21,-8,26,-7,26,-5,24,-6,22,-3,25,-4,23,-2,23,-7,22,-7,27,-5,23,-6,25,-6,27,-4,26,-8,22,-7,24,-3,26,-2,24],"size":39,"neighbors":[38,35,37,40,34,39],"nodes":["iron","coal"],"color":1},"37":{"name":"","core":[-75,295],"coreChunk":[-5,18],"chunks":[-3,17,-6,16,-4,17,-4,19,-5,15,-3,18,-4,16,-7,16,-7,19,-6,20,-5,20,-5,19,-8,15,-6,19,-5,16,-7,15,-4,15,-5,17,-4,18,-4,20,-7,18,-6,17,-5,18,-7,17,-3,19,-7,20,-6,15,-6,18],"size":28,"neighbors":[43,36,40,34],"nodes":["iron","coal"],"color":0},"38":{"name":"","core":[-40,472],"coreChunk":[-3,29],"chunks":[-5,29,-2,28,-4,31,-4,27,-6,28,-1,27,1,29,0,27,-4,28,-2,29,0,31,-1,31,1,30,-5,31,-5,30,-1,28,-5,28,-6,29,-7,30,-1,29,1,31,-3,27,-7,29,-2,27,-6,30,-4,29,-3,28,-3,31,0,28,-2,30,0,30,-5,27,-1,30,-7,28,-2,31,0,29,-4,30,-3,29,-3,30],"size":39,"neighbors":[39,41,36],"nodes":["emerald"],"color":2},"39":{"name":"","core":[61,399],"coreChunk":[3,24],"chunks":[5,25,3,23,3,26,2,27,3,27,5,23,1,24,-1,24,2,24,4,23,1,27,1,25,0,24,-1,26,2,26,3,24,0,25,4,24,6,26,5,24,5,26,4,26,2,23,-2,26,-1,25,1,26,4,25,3,25,0,26,2,25],"size":30,"neighbors":[38,41,36,40,42],"nodes":["diamond"],"color":0},"40":{"name":"","core":[8,333],"coreChunk":[0,20],"chunks":[-2,19,-3,20,1,23,0,21,1,22,1,19,-1,22,-1,19,-2,18,1,21,-2,21,0,22,-3,22,4,22,-2,17,-4,21,0,17,-2,20,3,20,2,18,-1,23,-1,18,-1,20,2,21,0,19,0,20,0,18,-1,17,2,22,0,23,3,22,1,18,1,20,2,20,2,19,3,21,-3,21,-1,21,-2,22],"size":39,"neighbors":[83,43,37,36,39,42],"nodes":["iron","coal"],"color":2},"41":{"name":"","core":[138,475],"coreChunk":[8,29],"chunks":[10,31,5,28,11,30,3,31,1,28,8,29,7,29,8,27,10,28,8,28,10,30,11,31,11,29,7,26,4,27,8,26,2,30,4,30,6,31,3,29,6,32,5,29,10,29,2,28,8,31,11,27,6,28,7,27,4,28,8,30,5,31,3,30,9,32,9,30,9,28,2,29,4,32,5,32,6,30,5,30,7,30,9,27,6,27,10,32,9,29,5,27,4,31,9,31,10,26,6,29,9,26,7,31,2,31,7,28,11,28,10,27,7,32,8,32,3,28,4,29],"size":60,"neighbors":[42,38,39,87,84],"nodes":["gold","fish"],"color":3},"42":{"name":"","core":[135,368],"coreChunk":[8,23],"chunks":[7,24,8,20,8,24,7,23,7,22,6,19,5,22,8,25,9,22,6,21,6,20,5,20,5,21,8,21,8,23,6,23,4,21,10,22,8,22,7,19,7,20,9,24,9,23,8,19,10,24,7,25,10,23,6,24,5,19,10,25,6,25,4,20,9,25,9,20,9,21,7,21,6,22,10,21],"size":38,"neighbors":[84,39,41,82,83,40],"nodes":["fish","coal"],"color":1},"43":{"name":"","core":[-88,203],"coreChunk":[-6,12],"chunks":[-1,16,-4,12,-9,12,-9,11,-4,13,-6,13,-2,15,-6,10,-7,12,-1,15,-2,12,-10,15,-1,14,-8,13,-8,12,-1,13,-6,11,-3,15,0,15,-4,11,-5,12,-2,13,-3,14,-8,14,-3,12,-7,10,-10,13,-3,16,-1,12,-7,13,-9,13,-3,13,-9,15,-9,14,0,14,-5,10,-7,11,-6,12,-6,14,-7,14,-2,14,0,13,-5,14,-4,14,-2,16,-5,11,0,16,-10,14,-8,11,-5,13],"size":50,"neighbors":[83,40,47,32,34,44,46,37],"nodes":["wheat","coal"],"color":1},"44":{"name":"","core":[-101,117],"coreChunk":[-7,7],"chunks":[-7,8,-10,9,-4,8,-9,10,-10,4,-9,5,-6,8,-8,10,-8,3,-7,7,-8,5,-7,6,-7,5,-4,7,-11,4,-5,9,-9,3,-9,8,-10,5,-6,7,-4,6,-8,7,-5,8,-6,6,-9,7,-4,9,-4,10,-8,6,-9,4,-11,3,-7,3,-10,3,-5,6,-6,9,-9,6,-8,8,-9,9,-7,4,-6,4,-10,6,-8,4,-6,5,-5,5,-5,7,-8,9,-7,9],"size":46,"neighbors":[31,45,18,48,47,43,32],"nodes":["wheat","fish"],"color":3},"45":{"name":"","core":[-80,-45],"coreChunk":[-5,-3],"chunks":[-6,-3,-6,2,-7,-1,-6,1,-7,1,-6,-1,-4,-1,-7,0,-7,-4,-9,1,-7,-5,-5,-2,-4,-3,-4,-6,-9,0,-5,-3,-8,1,-4,-5,-6,-4,-11,2,-9,2,-8,2,-10,2,-8,0,-7,2,-6,-6,-7,-3,-10,1,-6,0,-5,-4,-4,-4,-6,-5,-4,-2,-5,1,-5,0,-6,-2,-5,-1,-5,-6,-11,1,-8,-1,-7,-2,-5,-5],"size":42,"neighbors":[26,48,19,44,17,49],"nodes":["beetroots","wheat"],"color":1},"46":{"name":"","core":[95,163],"coreChunk":[5,10],"chunks":[3,9,6,10,4,8,5,14,4,12,2,9,8,8,5,8,3,13,8,12,7,7,7,12,7,9,4,14,8,10,2,12,3,8,3,10,5,7,6,8,7,11,1,11,3,12,1,13,7,10,6,9,5,11,8,11,6,12,7,8,4,9,3,11,6,7,4,13,2,10,0,12,4,7,6,14,1,12,5,12,8,9,2,13,5,10,5,13,4,10,4,11,5,9,6,13,2,11,6,11],"size":50,"neighbors":[77,43,47,83,73,51],"nodes":["wheat","cows"],"color":2},"47":{"name":"","core":[-7,136],"coreChunk":[-1,8],"chunks":[-3,11,0,8,1,7,-1,8,-1,9,-2,6,1,8,-3,8,-3,7,-2,9,2,6,0,9,3,7,0,10,-3,6,2,7,0,7,4,6,-2,11,-1,6,2,8,1,10,0,11,1,9,-1,7,-2,8,1,6,-1,11,-2,10,-3,9,3,6,-3,10,-1,10,0,6,-2,7],"size":35,"neighbors":[48,43,44,51,46],"nodes":["wheat","cows"],"color":0},"48":{"name":"","core":[-19,48],"coreChunk":[-2,3],"chunks":[2,5,-5,2,-6,3,-2,1,2,4,-1,3,-2,3,4,5,3,3,-3,0,-3,-2,-1,-2,-4,0,-3,1,0,5,0,4,-1,4,-5,4,-2,0,-3,-1,-2,5,3,4,1,2,1,4,-4,4,-3,5,-1,-1,-2,-1,1,1,-2,-2,-5,3,0,2,-4,3,1,5,-3,2,-3,4,-4,5,-4,2,-1,5,0,0,-3,3,-2,4,2,3,-4,1,-1,1,0,3,-1,0,-2,2,-1,2,1,3,0,1,3,5],"size":52,"neighbors":[49,51,44,47,45],"nodes":["carrots","potatos","cows"],"color":2},"49":{"name":"","core":[-7,-73],"coreChunk":[-1,-5],"chunks":[-3,-5,2,-3,-3,-6,-3,-4,-3,-3,2,-1,0,-3,1,-2,-1,-3,-2,-3,0,-7,-2,-8,1,-4,2,-2,-1,-8,1,-3,-2,-5,-1,-9,0,-9,-2,-6,-1,-5,0,-5,-2,-9,0,-6,1,-7,2,-4,-1,-4,-2,-7,0,-4,-2,-4,-1,-6,1,-6,0,-2,-1,-7,1,0,1,-8,2,-5,0,-8,0,-1,1,-1,-3,-7,2,0,1,-5],"size":43,"neighbors":[50,48,51,26,45],"nodes":["beetroots","carrots","sheep"],"color":0},"50":{"name":"","core":[85,-129],"coreChunk":[5,-9],"chunks":[8,-7,6,-7,6,-9,7,-7,8,-9,2,-7,5,-12,6,-11,6,-12,3,-12,5,-11,3,-10,4,-1,3,-4,4,-7,5,-9,5,-1,6,-2,5,-6,5,-8,3,-5,5,-3,6,-4,4,-3,4,-6,1,-10,5,-4,3,-1,7,-10,5,-10,8,-8,7,-8,2,-6,1,-9,6,-8,3,-7,2,-11,5,-2,5,-5,4,-2,4,-5,8,-10,3,-11,7,-6,2,-8,3,-9,3,-6,2,-9,3,-2,3,-3,4,-8,4,-4,6,-6,6,-3,4,-12,6,-5,3,-8,6,-10,4,-11,5,-7,4,-10,2,-10,4,-9,7,-11,7,-9],"size":65,"neighbors":[49,52,51,26,53,56],"nodes":["sheep","wheat"],"color":2},"51":{"name":"","core":[106,42],"coreChunk":[6,2],"chunks":[8,4,6,2,2,2,5,3,7,2,5,1,9,0,9,1,8,6,4,1,7,6,9,3,8,5,6,0,9,2,6,6,4,3,4,4,6,5,3,1,6,4,7,0,7,1,8,0,8,3,5,0,8,2,3,2,7,3,5,6,7,4,3,0,6,3,7,5,2,1,5,4,8,1,6,1,5,5,4,2,5,2,4,0],"size":42,"neighbors":[53,73,54,50,49,48,47,46],"nodes":["fish","emerald"],"color":1},"52":{"name":"","core":[79,-226],"coreChunk":[4,-15],"chunks":[9,-15,2,-12,5,-13,3,-15,7,-15,4,-16,6,-16,7,-12,4,-15,5,-16,3,-16,8,-12,8,-15,6,-13,4,-14,3,-17,7,-14,2,-15,9,-14,5,-17,5,-14,8,-14,8,-13,6,-15,3,-14,8,-11,5,-15,2,-13,6,-14,4,-17,9,-13,3,-13,7,-16,9,-12,7,-13,9,-11,4,-13,2,-14],"size":38,"neighbors":[25,60,61,56,50,26],"nodes":["fish","diamond"],"color":0},"53":{"name":"","core":[163,-60],"coreChunk":[10,-4],"chunks":[9,-8,7,-4,10,-6,12,-6,8,-2,9,-6,9,-1,7,-1,8,-3,10,-2,10,-7,9,-5,8,-4,8,-6,12,-7,11,-5,11,-6,11,-3,11,-7,8,-5,7,-5,12,-3,10,-4,9,-4,11,-4,12,-5,12,-4,7,-2,10,-8,8,-1,10,-3,7,-3,6,-1,10,-5,9,-3,11,-2,11,-8,9,-2,9,-7,12,-8],"size":40,"neighbors":[56,55,50,54,51],"nodes":["quartz","redstone"],"color":0},"54":{"name":"","core":[236,-36],"coreChunk":[14,-3],"chunks":[10,1,15,-1,16,-3,10,0,13,0,12,1,11,-1,16,-2,15,-4,13,-1,14,-3,12,-1,13,-2,14,1,17,-3,10,2,13,-4,14,-2,15,-3,11,1,12,0,12,-2,15,-2,13,-3,14,-1,14,0,11,3,17,-2,12,2,11,2,11,0,17,-4,10,-1,16,-4,14,-4,13,1],"size":36,"neighbors":[55,53,73,72,51],"nodes":["iron","quartz"],"color":2},"55":{"name":"","core":[256,-103],"coreChunk":[16,-7],"chunks":[20,-4,15,-8,18,-6,21,-7,17,-9,17,-7,16,-5,20,-7,18,-8,18,-7,18,-5,14,-7,15,-9,21,-8,13,-8,19,-4,19,-8,21,-5,18,-9,14,-9,18,-4,13,-5,16,-9,16,-6,13,-7,17,-5,17,-8,13,-6,14,-8,19,-5,13,-9,19,-6,20,-5,14,-5,20,-8,14,-6,16,-8,19,-7,21,-6,15,-7,20,-6,15,-6,17,-6,16,-7,15,-5],"size":45,"neighbors":[54,57,56,71,53,72],"nodes":["redstone","quartz"],"color":3},"56":{"name":"","core":[199,-207],"coreChunk":[12,-13],"chunks":[14,-10,10,-9,13,-12,14,-16,10,-13,11,-14,14,-13,12,-16,13,-16,13,-11,11,-13,13,-14,10,-14,11,-12,9,-10,14,-14,13,-13,11,-16,11,-10,10,-10,12,-9,12,-14,14,-15,14,-12,12,-15,12,-10,11,-11,10,-16,10,-12,12,-13,13,-15,9,-9,11,-15,14,-11,12,-12,13,-10,12,-11,11,-9,10,-11,10,-15],"size":40,"neighbors":[58,55,53,52,60,57,50],"nodes":["iron","quartz","redstone"],"color":1},"57":{"name":"","core":[331,-171],"coreChunk":[20,-11],"chunks":[22,-11,15,-12,17,-12,19,-13,18,-13,19,-11,15,-11,21,-13,21,-14,22,-13,20,-10,15,-13,16,-11,19,-10,18,-11,19,-9,22,-8,20,-13,21,-10,17,-13,21,-12,16,-12,22,-12,20,-14,24,-12,22,-10,15,-10,20,-9,19,-12,23,-11,22,-9,24,-11,17,-11,20,-11,23,-12,21,-11,20,-12,16,-13,16,-10,18,-12,21,-9,18,-10,23,-13,17,-10],"size":44,"neighbors":[58,70,59,71,55,56],"nodes":["gold","quartz","glowstone"],"color":2},"58":{"name":"","core":[296,-264],"coreChunk":[18,-17],"chunks":[17,-19,19,-15,17,-16,20,-19,21,-19,21,-18,18,-14,19,-17,15,-14,20,-16,21,-17,16,-16,19,-14,16,-19,15,-15,17,-18,18,-15,16,-15,18,-16,18,-19,18,-18,17,-15,19,-16,15,-16,17,-20,18,-20,19,-20,18,-17,17,-17,16,-18,20,-15,20,-17,20,-18,20,-20,17,-14,21,-16,16,-14,15,-17,16,-17,19,-18,15,-18,19,-19],"size":42,"neighbors":[59,56,64,60,57],"nodes":["iron","redstone","glowstone"],"color":3},"59":{"name":"","core":[399,-254],"coreChunk":[24,-16],"chunks":[23,-17,24,-17,26,-19,27,-14,28,-14,22,-15,26,-14,26,-18,24,-15,25,-19,22,-17,27,-19,23,-19,28,-15,23,-15,22,-19,24,-19,24,-16,28,-16,27,-16,22,-16,27,-15,25,-14,27,-18,25,-16,26,-17,26,-15,26,-13,25,-18,25,-15,24,-18,22,-14,22,-18,24,-14,25,-17,26,-16,27,-13,23,-14,23,-18,21,-15,25,-13,27,-17,23,-16,28,-13,24,-13],"size":45,"neighbors":[57,66,58,70,65],"nodes":["quartz","fish","coal"],"color":0},"60":{"name":"","core":[203,-294],"coreChunk":[12,-19],"chunks":[7,-18,10,-20,13,-17,14,-20,10,-19,16,-20,11,-18,6,-18,12,-19,13,-21,14,-17,9,-16,9,-18,11,-19,8,-17,15,-19,11,-20,8,-18,14,-21,13,-18,12,-21,12,-17,14,-18,6,-17,13,-22,10,-17,6,-19,10,-18,15,-22,9,-17,16,-21,11,-21,7,-17,14,-22,8,-16,14,-19,13,-19,9,-20,9,-19,15,-21,12,-20,12,-18,8,-19,13,-20,15,-20,7,-19,11,-17],"size":47,"neighbors":[56,52,62,64,61,58],"nodes":["wheat","cows"],"color":2},"61":{"name":"","core":[86,-340],"coreChunk":[5,-22],"chunks":[3,-20,4,-19,7,-23,3,-24,4,-25,5,-25,5,-20,4,-24,6,-24,6,-21,4,-22,5,-19,4,-21,8,-22,3,-21,7,-20,5,-23,8,-21,7,-21,5,-24,8,-20,6,-22,4,-18,4,-23,3,-22,2,-24,3,-19,3,-23,6,-20,9,-21,3,-18,5,-21,2,-23,6,-23,5,-18,7,-22,5,-22,3,-25,4,-20],"size":39,"neighbors":[24,63,62,60,52,25],"nodes":["wheat","cows"],"color":3},"62":{"name":"","core":[207,-386],"coreChunk":[12,-25],"chunks":[9,-22,9,-23,12,-29,15,-23,14,-25,11,-23,13,-28,13,-26,12,-28,10,-25,10,-21,11,-22,8,-23,9,-24,14,-24,10,-24,14,-23,15,-24,13,-23,11,-25,11,-27,12,-24,10,-22,13,-25,12,-25,10,-23,15,-25,11,-24,11,-26,13,-29,14,-28,13,-27,12,-22,14,-26,12,-23,12,-27,12,-26,13,-24,11,-28,14,-29,14,-27],"size":41,"neighbors":[64,68,61,60,63],"nodes":["iron","coal","wheat"],"color":1},"63":{"name":"","core":[128,-433],"coreChunk":[8,-28],"chunks":[9,-29,3,-26,10,-28,3,-27,4,-27,11,-30,6,-31,10,-26,6,-29,8,-30,7,-30,4,-31,11,-29,5,-28,7,-29,7,-24,9,-26,9,-28,7,-25,7,-28,4,-26,8,-24,6,-28,5,-29,10,-27,5,-27,6,-30,6,-27,8,-25,8,-26,4,-29,9,-30,7,-26,2,-25,6,-26,2,-27,2,-28,7,-27,8,-29,10,-30,8,-28,3,-28,8,-27,7,-31,5,-30,2,-26,5,-31,5,-26,4,-28,10,-29,9,-25,4,-30,9,-27,6,-25],"size":54,"neighbors":[69,24,61,62],"nodes":["wheat","fish","cows"],"color":0},"64":{"name":"","core":[297,-368],"coreChunk":[18,-23],"chunks":[15,-26,17,-23,17,-25,17,-24,17,-27,15,-27,18,-26,21,-24,19,-27,16,-26,18,-22,21,-21,20,-26,21,-20,16,-27,17,-22,19,-23,17,-21,17,-26,18,-24,19,-25,16,-23,19,-24,20,-23,19,-22,16,-28,16,-25,16,-22,19,-21,21,-22,20,-22,20,-21,18,-27,19,-26,21,-23,20,-24,18,-23,18,-28,17,-28,18,-21,20,-25,16,-24,18,-25],"size":43,"neighbors":[62,60,58,65,68],"nodes":["fish","quartz","diamond"],"color":0},"65":{"name":"","core":[378,-410],"coreChunk":[23,-26],"chunks":[23,-21,25,-25,24,-20,23,-20,22,-24,24,-21,22,-21,25,-22,21,-26,25,-21,22,-27,20,-28,25,-28,23,-26,25,-27,21,-27,24,-27,21,-28,22,-23,23,-23,22,-20,22,-22,22,-26,24,-26,23,-27,22,-28,23,-25,20,-27,25,-23,25,-26,21,-25,24,-22,23,-22,22,-25,23,-28,24,-23,23,-24,24,-28,24,-25,24,-24,25,-24],"size":41,"neighbors":[66,64,59,68,67],"nodes":["coal","glowstone"],"color":1},"66":{"name":"","core":[483,-329],"coreChunk":[30,-21],"chunks":[30,-22,30,-23,30,-19,27,-20,29,-17,28,-20,31,-23,28,-22,28,-21,31,-22,28,-23,27,-23,30,-24,30,-18,28,-17,30,-21,25,-20,26,-23,32,-23,29,-23,31,-20,29,-19,31,-25,26,-20,32,-22,29,-20,30,-25,26,-22,29,-21,27,-22,32,-20,32,-24,31,-19,26,-21,29,-24,27,-21,31,-24,30,-17,30,-20,29,-22,28,-18,29,-18,28,-19,32,-21,31,-21,32,-19],"size":46,"neighbors":[65,67,59],"nodes":["glowstone","iron"],"color":2},"67":{"name":"","core":[460,-440],"coreChunk":[28,-28],"chunks":[31,-30,29,-29,28,-29,27,-27,26,-27,30,-26,26,-25,25,-30,28,-26,29,-25,27,-31,29,-30,26,-28,26,-24,27,-29,28,-24,30,-29,29,-31,30,-28,26,-30,30,-30,28,-25,27,-26,27,-28,29,-28,31,-27,28,-30,28,-28,31,-26,26,-29,26,-26,27,-30,27,-24,28,-27,29,-26,27,-25,29,-27,31,-29,28,-31,31,-28,25,-29,30,-27,26,-31,24,-29],"size":44,"neighbors":[66,68,65],"nodes":["fish","glowstone","coal"],"color":0},"68":{"name":"","core":[319,-487],"coreChunk":[19,-31],"chunks":[19,-28,23,-33,20,-31,15,-29,15,-30,17,-31,19,-33,23,-32,17,-32,23,-31,18,-33,24,-30,22,-32,22,-29,21,-33,15,-31,22,-31,21,-30,25,-31,19,-30,23,-30,20,-32,20,-29,21,-32,19,-29,24,-33,17,-30,23,-29,18,-31,16,-32,24,-31,20,-33,18,-30,22,-33,16,-30,21,-31,15,-28,20,-30,19,-31,25,-32,18,-32,18,-29,19,-32,22,-30,24,-32,16,-29,17,-29,21,-29,16,-31],"size":49,"neighbors":[67,65,62,64],"nodes":["fish","emerald"],"color":2},"69":{"name":"","core":[36,-521],"coreChunk":[2,-33],"chunks":[0,-34,1,-29,2,-34,5,-33,3,-32,5,-34,1,-26,0,-30,1,-34,0,-33,0,-28,-1,-35,1,-28,0,-29,-2,-33,0,-35,2,-30,1,-30,3,-35,2,-33,2,-29,1,-31,-2,-34,2,-31,2,-35,1,-27,3,-33,4,-34,4,-32,1,-32,-1,-33,3,-31,4,-33,2,-32,1,-33,-1,-34,5,-32,0,-32,1,-35,3,-30,3,-29,3,-34,4,-35,0,-27,0,-31],"size":45,"neighbors":[63,23,24],"nodes":["fish","emerald"],"color":1},"70":{"name":"","core":[438,-145],"coreChunk":[27,-10],"chunks":[26,-7,23,-10,26,-8,30,-12,25,-8,27,-11,28,-10,30,-11,29,-9,24,-8,29,-11,30,-13,28,-11,29,-12,28,-12,30,-10,23,-8,29,-10,27,-9,28,-8,25,-9,25,-7,26,-11,27,-12,27,-10,27,-8,23,-9,25,-12,28,-7,24,-10,26,-9,24,-9,25,-10,29,-13,26,-10,29,-8,28,-9,27,-7,26,-12,25,-11],"size":40,"neighbors":[71,57,59],"nodes":["fish","coal"],"color":1},"71":{"name":"","core":[399,-56],"coreChunk":[24,-4],"chunks":[24,-3,28,-5,23,-2,26,-2,21,-3,22,-5,23,-6,26,-4,28,-3,28,-6,25,-3,27,-2,22,-7,28,-2,24,-4,22,-3,27,-6,25,-6,23,-7,20,-3,23,-3,26,-5,25,-5,27,-5,24,-7,25,-2,26,-6,21,-4,27,-3,25,-4,22,-6,24,-5,24,-2,28,-4,23,-4,22,-4,27,-4,24,-6,26,-3,23,-5],"size":40,"neighbors":[55,70,74,57,72],"nodes":["fish","coal"],"color":0},"72":{"name":"","core":[319,8],"coreChunk":[19,0],"chunks":[17,0,22,-1,20,1,21,-1,19,2,21,1,20,-1,17,1,18,0,18,1,15,0,19,0,18,2,20,0,23,1,21,0,16,0,16,2,21,-2,19,1,22,-2,23,-1,15,1,16,-1,17,-1,22,1,19,-2,16,1,20,2,17,2,18,-1,21,2,22,0,19,-3,19,-1,23,0,18,-2,18,-3,20,-2],"size":39,"neighbors":[73,55,54,76,71,74],"nodes":["coal","sugarcane"],"color":1},"73":{"name":"","core":[177,97],"coreChunk":[11,6],"chunks":[9,4,14,3,13,7,10,3,11,6,9,6,16,3,9,8,10,7,10,8,16,4,11,8,14,5,12,4,10,6,11,7,15,2,13,4,14,2,14,4,14,6,9,5,9,7,8,7,15,3,13,2,10,4,15,4,12,6,12,3,12,7,13,6,14,7,13,3,11,4,13,5,12,5,11,5,10,5,15,5],"size":40,"neighbors":[76,46,54,51,77,72],"nodes":["gold","sugarcane"],"color":0},"74":{"name":"","core":[422,47],"coreChunk":[26,2],"chunks":[27,1,26,3,28,3,22,4,25,3,23,4,28,2,27,2,24,1,27,-1,23,2,27,5,24,3,23,3,25,1,22,2,28,4,26,5,26,0,21,4,23,5,25,4,21,3,26,4,27,3,24,-1,26,1,24,4,25,2,25,5,26,2,28,0,22,3,28,-1,24,2,24,0,27,0,27,4,25,-1,28,1,24,5,26,-1,25,0],"size":43,"neighbors":[72,71,76,75],"nodes":["sugarcane","fish","gold"],"color":3},"75":{"name":"","core":[432,135],"coreChunk":[27,8],"chunks":[29,10,24,6,23,8,26,7,27,7,25,10,25,9,29,7,23,9,28,10,25,8,26,10,26,8,27,9,24,7,27,6,28,7,24,9,29,8,28,9,25,7,23,10,28,5,23,7,27,10,27,8,28,8,26,6,28,6,29,6,29,5,24,8,26,9,25,6,29,9,24,10,23,6],"size":37,"neighbors":[76,79,74,78],"nodes":["sugarcane","gold"],"color":1},"76":{"name":"","core":[304,96],"coreChunk":[19,6],"chunks":[20,4,16,7,18,6,18,5,19,3,15,6,17,6,19,4,20,3,20,5,19,8,20,6,17,3,22,5,17,7,19,7,20,8,21,8,18,3,22,6,18,7,18,8,16,5,19,5,20,7,21,5,17,4,15,7,22,7,21,6,22,8,16,6,21,7,18,4,19,6,17,5],"size":36,"neighbors":[73,74,72,78,75],"nodes":["diamond","sugarcane"],"color":2},"77":{"name":"","core":[193,191],"coreChunk":[12,11],"chunks":[9,14,9,12,11,14,10,13,15,12,9,11,13,14,13,12,11,10,8,14,14,11,12,12,12,10,10,14,11,9,14,10,9,13,12,11,13,8,14,8,14,9,10,11,11,12,12,13,15,13,11,11,13,11,12,8,15,11,11,13,14,12,12,9,7,13,10,10,9,10,14,13,14,14,10,12,13,9,9,9,13,13,8,13,10,9,12,14,13,10],"size":45,"neighbors":[83,78,82,46,73],"nodes":["sugarcane","coal"],"color":1},"78":{"name":"","core":[293,181],"coreChunk":[18,11],"chunks":[19,10,19,12,22,10,20,9,18,12,17,14,18,13,16,9,21,10,22,9,20,11,16,11,16,10,21,12,18,10,16,14,22,12,19,11,15,8,18,14,19,9,15,9,20,12,18,11,17,8,18,9,17,10,16,8,23,11,15,10,17,9,17,11,19,13,16,13,20,10,17,12,16,12,21,9,22,11,21,11,17,13],"size":41,"neighbors":[79,76,81,77,75,82],"nodes":["sugarcane","coal"],"color":0},"79":{"name":"","core":[410,218],"coreChunk":[25,13],"chunks":[23,13,25,12,27,15,20,13,24,12,22,13,26,11,25,14,21,14,28,13,26,14,23,12,27,12,24,11,26,15,22,15,22,14,27,13,25,15,28,12,28,11,23,16,27,14,24,15,21,13,23,14,25,11,27,11,24,16,26,13,25,13,24,13,25,16,23,15,26,12,20,14,24,14],"size":37,"neighbors":[80,78,75,81],"nodes":["coal","sugarcane"],"color":2},"80":{"name":"","core":[447,314],"coreChunk":[27,19],"chunks":[24,22,30,19,28,14,26,19,30,14,28,17,26,16,30,22,25,17,23,18,24,19,23,20,23,17,23,19,28,18,29,14,26,17,29,19,31,17,31,20,27,17,29,16,26,20,29,15,28,20,28,21,30,16,27,18,24,21,27,20,30,20,29,18,29,20,27,21,29,22,25,20,30,18,25,22,27,16,28,16,24,17,31,19,28,19,26,22,26,18,26,21,24,20,29,21,28,22,27,19,29,17,25,19,31,18,30,21,25,18,30,17,27,22,28,15,24,18,25,21,30,15],"size":61,"neighbors":[85,86,81,79],"nodes":["fish","coal"],"color":0},"81":{"name":"","core":[319,293],"coreChunk":[19,18],"chunks":[22,20,17,19,18,17,20,22,19,19,19,16,17,20,21,18,20,19,20,15,18,16,19,22,17,18,16,16,21,15,19,14,21,21,19,20,20,17,16,18,23,21,20,21,18,21,17,17,18,20,23,22,21,19,22,18,22,19,19,21,22,16,20,16,21,16,18,19,22,17,21,20,21,22,22,21,19,17,18,15,21,17,17,16,18,18,16,17,20,18,20,20,19,18,22,22,16,15,17,15,19,15],"size":51,"neighbors":[80,84,85,78,82,79],"nodes":["fish","sugarcane"],"color":1},"82":{"name":"","core":[204,292],"coreChunk":[12,18],"chunks":[14,17,11,17,15,18,10,17,14,19,13,17,13,16,12,19,14,20,13,22,11,22,13,21,14,16,10,15,10,16,11,15,13,20,10,18,16,19,9,15,12,18,14,21,15,14,14,15,12,16,9,19,15,16,12,20,11,18,15,15,13,18,15,17,9,16,15,20,15,19,11,21,10,19,11,16,12,22,14,18,11,20,12,21,12,15,13,15,9,17,13,19,12,17,11,19,9,18,10,20],"size":50,"neighbors":[83,81,78,77,42,84],"nodes":["sugarcane","coal"],"color":2},"83":{"name":"","core":[80,272],"coreChunk":[5,17],"chunks":[5,17,7,17,6,15,4,15,6,18,3,16,1,17,1,15,5,18,3,17,5,15,8,17,3,19,2,16,8,16,5,16,7,16,7,18,7,14,3,15,8,18,2,14,3,18,1,16,2,17,2,15,4,18,3,14,1,14,8,15,6,17,4,19,7,15,4,17,4,16,6,16],"size":36,"neighbors":[82,40,42,77,46,43],"nodes":["diamond","fish"],"color":0},"84":{"name":"","core":[239,406],"coreChunk":[14,25],"chunks":[16,22,16,24,15,27,11,24,18,23,17,25,17,26,12,24,11,26,16,25,15,26,13,23,17,23,14,24,14,22,15,23,16,27,17,24,12,25,11,23,13,27,14,23,14,25,15,22,13,24,13,26,16,21,15,25,14,28,13,28,18,25,11,25,18,22,14,26,12,26,12,23,13,25,15,24,14,27,17,21,12,28,17,22,12,27,16,23,18,24,15,21,16,26],"size":47,"neighbors":[42,87,82,81,85,41],"nodes":["fish","emerald"],"color":0},"85":{"name":"","core":[351,418],"coreChunk":[21,26],"chunks":[20,24,18,30,20,28,22,29,23,23,21,25,20,23,19,30,23,26,24,26,21,24,21,26,20,30,19,26,18,26,17,30,22,30,22,24,19,25,20,25,23,28,19,23,22,27,18,27,24,25,24,23,22,23,24,24,19,27,22,25,16,29,20,27,24,28,20,26,17,29,17,28,18,28,20,29,19,28,22,26,24,27,18,29,21,28,22,28,21,29,23,27,17,27,23,24,19,29,19,24,21,23,21,27,23,25,16,28,21,30],"size":55,"neighbors":[80,87,81,86,84],"nodes":["fish","emerald"],"color":2},"86":{"name":"","core":[452,420],"coreChunk":[28,26],"chunks":[27,24,27,25,25,27,31,27,27,26,29,24,25,23,25,28,28,25,31,28,32,25,30,24,29,26,25,29,30,25,30,26,26,24,28,26,26,25,25,26,32,24,29,28,27,29,26,26,28,28,32,27,28,29,32,26,28,23,25,24,29,29,28,27,27,27,31,25,29,27,26,29,28,24,32,23,26,28,31,22,26,27,27,28,27,23,30,23,29,23,31,24,26,23,29,25,30,28,25,25,30,27,31,26,31,23],"size":53,"neighbors":[80,85],"nodes":["fish","emerald"],"color":1},"87":{"name":"","core":[224,496],"coreChunk":[14,31],"chunks":[15,31,15,29,16,30,14,29,15,32,17,32,14,32,14,31,16,31,13,30,12,31,18,32,12,32,13,32,20,31,15,28,15,30,18,31,16,32,13,29,12,29,19,32,13,31,14,30,11,32,19,31,20,32,17,31,12,30],"size":29,"neighbors":[84,85,41],"nodes":["fish","emerald","coal"],"color":1},"88":{"name":"","core":[-330,421],"coreChunk":[-21,26],"chunks":[-18,26,-23,26,-19,24,-22,25,-23,28,-21,23,-18,28,-22,27,-23,24,-20,27,-20,29,-22,26,-20,25,-22,24,-24,25,-21,29,-20,23,-26,26,-19,25,-17,28,-26,25,-19,26,-21,24,-20,28,-21,25,-23,25,-20,24,-22,23,-25,27,-18,27,-20,22,-23,27,-19,27,-21,26,-19,28,-19,29,-25,25,-20,26,-22,22,-21,28,-19,23,-24,26,-24,27,-17,27,-21,22,-25,26,-26,27,-22,28,-21,27],"size":49,"neighbors":[30,33,35],"nodes":["fish","emerald"],"color":1}}}